2016-04-29;
2016-04-28;
2016-04-27;
2016-04-26;
2016-04-25;
2016-04-22;
2016-04-21;
2016-04-20;
2016-04-19;
2016-04-18;
2016-04-15;
2016-04-14;
2016-04-13;
2016-04-12;
2016-04-11;
2016-04-08;
2016-04-07;
2016-04-06;
2016-04-05;
2016-04-04;
2016-04-01;
2016-03-31;
2016-03-30;
2016-03-29;
2016-03-28;
2016-03-25;
2016-03-24;
2016-03-23;
2016-03-22;
2016-03-21;
2016-03-18;
2016-03-17;
2016-03-16;
2016-03-15;
2016-03-14;
2016-03-11;
2016-03-10;
2016-03-09;
2016-03-07;
2016-03-04;
2016-03-03;
2016-03-02;
2016-03-01;
2016-02-29;
2016-02-26;
2016-02-25;
2016-02-24;
2016-02-22;
2016-02-20;
2016-02-19;
2016-02-18;
2016-02-17;
2016-02-16;
2016-02-15;
2016-02-12;
2016-02-11;
2016-02-10;
2016-02-09;
2016-02-08;
2016-02-05;1711.58
2016-02-04;1711.58
2016-02-03;1711.58
2016-02-02;1711.58
2016-02-01;1711.58
2016-01-29;1711.58
2016-01-28;1711.58
2016-01-27;1711.58
2016-01-26;1705.01
2016-01-25;1705.01
2016-01-22;1705.01
2016-01-21;1677.19
2016-01-20;1630.39
2016-01-19;1630.39
2016-01-18;1622.43
2016-01-15;1608.36
2016-01-14;1608.36
2016-01-13;1608.36
2016-01-12;1608.36
2016-01-11;1608.36
2016-01-06;1608.36
2016-01-05;1608.36
2016-01-04;1608.36
2015-12-30;1608.36
2015-12-29;1608.36
2015-12-28;1608.36
2015-12-25;1608.36
2015-12-24;1608.36
2015-12-23;1608.36
2015-12-22;1608.36
2015-12-21;1608.36
2015-12-18;1608.36
2015-12-17;1608.36
2015-12-16;1608.36
2015-12-15;1608.36
2015-12-14;1608.36
2015-12-11;1608.36
2015-12-10;1608.36
2015-12-09;1608.36
2015-12-08;1608.36
2015-12-07;1608.36
2015-12-04;1608.36
2015-12-03;1608.36
2015-12-02;1608.36
2015-12-01;1608.36
2015-11-30;1608.36
2015-11-27;1608.36
2015-11-26;1608.36
2015-11-25;1608.36
2015-11-24;1608.36
2015-11-23;1608.36
2015-11-20;1608.36
2015-11-19;1608.36
2015-11-18;1608.36
2015-11-17;1608.36
2015-11-16;1608.36
2015-11-13;1608.36
2015-11-12;1608.36
2015-11-11;1608.36
2015-11-10;1608.36
2015-11-09;1608.36
2015-11-06;1608.36
2015-11-05;1608.36
2015-11-03;1608.36
2015-11-02;1608.36
2015-10-30;1608.36
2015-10-29;1608.36
2015-10-28;1608.36
2015-10-27;1608.36
2015-10-26;1608.36
2015-10-23;1608.36
2015-10-22;1608.36
2015-10-21;1608.36
2015-10-20;1608.36
2015-10-19;1608.36
2015-10-16;1680.77
2015-10-15;1682.54
2015-10-14;1682.54
2015-10-13;1682.54
2015-10-12;1708.6
2015-10-09;1708.6
2015-10-08;1689.32
2015-10-07;1679.49
2015-10-06;1670.69
2015-10-05;1652.47
2015-10-02;1612.56
2015-10-01;1612.56
2015-09-30;1612.56
2015-09-29;1612.56
2015-09-28;1612.56
2015-09-25;1612.56
2015-09-24;1612.56
2015-09-23;1612.56
2015-09-22;1612.56
2015-09-21;1612.56
2015-09-18;1612.56
2015-09-17;1612.56
2015-09-16;1612.56
2015-09-15;1612.56
2015-09-14;1612.56
2015-09-11;1612.56
2015-09-10;1612.56
2015-09-09;1612.56
2015-09-08;1612.56
2015-09-07;1612.56
2015-09-04;1612.56
2015-09-03;1612.56
2015-09-02;1612.56
2015-09-01;1612.56
2015-08-31;1612.56
2015-08-28;1612.56
2015-08-27;1612.56
2015-08-26;1612.56
2015-08-25;1612.56
2015-08-24;1612.56
2015-08-21;1612.56
2015-08-20;1612.56
2015-08-19;1612.56
2015-08-18;1612.56
2015-08-17;1612.56
2015-08-14;1612.56
2015-08-13;1612.56
2015-08-12;1612.56
2015-08-11;1612.56
2015-08-10;1612.56
2015-08-07;1612.56
2015-08-06;1612.56
2015-08-05;1612.56
2015-08-04;1612.56
2015-08-03;1612.56
2015-07-31;1612.56
2015-07-30;1612.56
2015-07-29;1612.56
2015-07-28;1604.5
2015-07-27;1584.92
2015-07-24;1584.92
2015-07-23;1584.92
2015-07-22;1584.92
2015-07-21;1584.92
2015-07-20;1584.92
2015-07-17;1584.92
2015-07-16;1584.92
2015-07-15;1584.92
2015-07-14;1584.92
2015-07-13;1584.92
2015-07-10;1584.92
2015-07-09;1584.92
2015-07-08;1584.92
2015-07-07;1584.92
2015-07-06;1584.92
2015-07-03;1584.92
2015-07-02;1584.92
2015-07-01;1584.92
2015-06-30;1584.92
2015-06-29;1584.92
2015-06-26;1584.92
2015-06-25;1584.92
2015-06-24;1584.92
2015-06-23;1584.92
2015-06-22;1584.92
2015-06-19;1584.92
2015-06-18;1584.92
2015-06-17;1584.92
2015-06-16;1584.92
2015-06-15;1584.92
2015-06-11;1584.92
2015-06-10;1584.92
2015-06-09;1584.92
2015-06-08;1584.92
2015-06-05;1584.92
2015-06-04;1584.92
2015-06-03;1584.92
2015-06-02;1584.92
2015-06-01;1584.92
2015-05-29;1584.92
2015-05-28;1584.92
2015-05-27;1584.92
2015-05-26;1584.92
2015-05-25;1584.92
2015-05-22;1584.92
2015-05-21;1584.92
2015-05-20;1584.92
2015-05-19;1584.92
2015-05-18;1584.92
2015-05-15;1584.92
2015-05-14;1584.92
2015-05-13;1584.92
2015-05-12;1584.92
2015-05-08;1584.92
2015-05-07;1584.92
2015-05-06;1584.92
2015-05-05;1584.92
2015-04-30;1584.92
2015-04-29;1584.92
2015-04-28;1595.0
2015-04-27;1595.0
2015-04-24;1595.0
2015-04-23;1595.0
2015-04-22;1595.0
2015-04-21;1595.0
2015-04-20;1595.0
2015-04-17;1595.0
2015-04-16;1595.0
2015-04-15;1595.0
2015-04-14;1595.0
2015-04-13;1595.0
2015-04-10;1595.0
2015-04-09;1609.19
2015-04-08;1609.19
2015-04-07;1609.19
2015-04-06;1609.19
2015-04-03;1609.19
2015-04-02;1609.19
2015-04-01;1609.19
2015-03-31;1609.19
2015-03-30;1609.19
2015-03-27;1571.55
2015-03-26;1571.55
2015-03-25;1571.55
2015-03-24;1571.55
2015-03-23;1571.55
2015-03-20;1571.55
2015-03-19;1571.55
2015-03-18;1571.55
2015-03-17;1571.55
2015-03-16;1571.55
2015-03-13;1571.55
2015-03-12;1571.55
2015-03-11;1571.55
2015-03-10;1571.55
2015-03-06;1571.55
2015-03-05;1571.55
2015-03-04;1571.55
2015-03-03;1571.55
2015-03-02;1571.55
2015-02-27;1571.55
2015-02-26;1571.55
2015-02-25;1571.55
2015-02-24;1571.55
2015-02-20;1571.55
2015-02-19;1571.55
2015-02-18;1571.55
2015-02-17;1571.55
2015-02-16;1571.55
2015-02-13;1571.55
2015-02-12;1571.55
2015-02-11;1571.55
2015-02-10;1571.55
2015-02-09;1571.55
2015-02-06;1571.55
2015-02-05;1571.55
2015-02-04;1571.55
2015-02-03;1571.55
2015-02-02;1571.55
2015-01-30;1571.55
2015-01-29;1571.55
2015-01-28;1571.55
2015-01-27;1571.55
2015-01-26;1571.55
2015-01-23;1571.55
2015-01-22;1571.55
2015-01-21;1571.55
2015-01-20;1570.97
2015-01-19;1570.97
2015-01-16;1570.97
2015-01-15;1563.21
2015-01-14;1554.46
2015-01-13;1533.09
2015-01-12;1513.22
2015-01-09;1513.22
2015-01-08;1513.22
2015-01-06;1480.73
2015-01-05;1435.66
2014-12-30;1396.61
2014-12-29;1396.61
2014-12-26;1396.61
2014-12-25;1396.61
2014-12-24;1396.61
2014-12-23;1396.61
2014-12-22;1396.61
2014-12-19;1396.61
2014-12-18;1396.61
2014-12-17;1396.61
2014-12-16;1396.61
2014-12-15;1396.61
2014-12-12;1396.61
2014-12-11;1396.61
2014-12-10;1396.61
2014-12-09;1396.61
2014-12-08;1396.61
2014-12-05;1396.61
2014-12-04;1396.61
2014-12-03;1396.61
2014-12-02;1396.61
2014-12-01;1396.61
2014-11-28;1396.61
2014-11-27;1396.61
2014-11-26;1396.61
2014-11-25;1396.61
2014-11-24;1396.61
2014-11-21;1396.61
2014-11-20;1396.61
2014-11-19;1396.61
2014-11-18;1396.61
2014-11-17;1396.61
2014-11-14;1396.61
2014-11-13;1396.61
2014-11-12;1396.61
2014-11-11;1396.61
2014-11-10;1396.61
2014-11-07;1396.61
2014-11-06;1396.61
2014-11-05;1396.61
2014-11-03;1396.61
2014-10-31;1396.61
2014-10-30;1396.61
2014-10-29;1396.61
2014-10-28;1396.61
2014-10-27;1394.27
2014-10-24;1380.39
2014-10-23;1372.92
2014-10-22;1372.92
2014-10-21;1372.92
2014-10-20;1372.92
2014-10-17;1372.92
2014-10-16;1360.33
2014-10-15;1360.33
2014-10-14;1360.33
2014-10-13;1360.33
2014-10-10;1360.33
2014-10-09;1360.33
2014-10-08;1360.33
2014-10-07;1360.33
2014-10-06;1360.33
2014-10-03;1360.33
2014-10-02;1360.33
2014-10-01;1360.33
2014-09-30;1360.33
2014-09-29;1360.33
2014-09-26;1360.33
2014-09-25;1360.33
2014-09-24;1360.33
2014-09-23;1360.33
2014-09-22;1360.33
2014-09-19;1360.33
2014-09-18;1360.33
2014-09-17;1360.33
2014-09-16;1360.33
2014-09-15;1360.33
2014-09-12;1360.33
2014-09-11;1360.33
2014-09-10;1360.33
2014-09-09;1360.33
2014-09-08;1360.33
2014-09-05;1360.33
2014-09-04;1360.33
2014-09-03;1360.33
2014-09-02;1360.33
2014-09-01;1360.33
2014-08-29;1360.33
2014-08-28;1360.33
2014-08-27;1360.33
2014-08-26;1360.33
2014-08-25;1360.33
2014-08-22;1360.33
2014-08-21;1360.33
2014-08-20;1360.33
2014-08-19;1360.33
2014-08-18;1360.33
2014-08-15;1360.33
2014-08-14;1360.33
2014-08-13;1360.33
2014-08-12;1360.33
2014-08-11;1360.33
2014-08-08;1348.21
2014-08-07;1333.53
2014-08-06;1333.53
2014-08-05;1333.53
2014-08-04;1333.53
2014-08-01;1333.53
2014-07-31;1333.53
2014-07-30;1333.53
2014-07-29;1333.53
2014-07-28;1333.53
2014-07-25;1333.53
2014-07-24;1333.53
2014-07-23;1333.53
2014-07-22;1333.53
2014-07-21;1333.53
2014-07-18;1333.53
2014-07-17;1333.53
2014-07-16;1333.53
2014-07-15;1333.53
2014-07-14;1333.53
2014-07-11;1333.53
2014-07-10;1333.53
2014-07-09;1333.53
2014-07-08;1333.53
2014-07-07;1333.53
2014-07-04;1333.53
2014-07-03;1333.53
2014-07-02;1333.53
2014-07-01;1333.53
2014-06-30;1333.53
2014-06-27;1333.53
2014-06-26;1333.53
2014-06-25;1333.53
2014-06-24;1333.53
2014-06-23;1333.53
2014-06-20;1333.53
2014-06-19;1333.53
2014-06-18;1333.53
2014-06-17;1333.53
2014-06-16;1333.53
2014-06-11;1333.53
2014-06-10;1333.53
2014-06-09;1333.53
2014-06-06;1333.53
2014-06-05;1333.53
2014-06-04;1333.53
2014-06-03;1333.53
2014-06-02;1333.53
2014-05-30;1333.53
2014-05-29;1333.53
2014-05-28;1333.53
2014-05-27;1333.53
2014-05-26;1333.53
2014-05-23;1333.53
2014-05-22;1333.53
2014-05-21;1333.53
2014-05-20;1333.53
2014-05-19;1333.53
2014-05-16;1333.53
2014-05-15;1333.53
2014-05-14;1333.53
2014-05-13;1334.66
2014-05-12;1357.89
2014-05-08;1361.94
2014-05-07;1361.94
2014-05-06;1318.57
2014-05-05;1298.29
2014-05-02;1298.29
2014-04-30;1298.29
2014-04-29;1298.29
2014-04-28;1298.29
2014-04-25;1280.12
2014-04-24;1280.12
2014-04-23;1280.12
2014-04-22;1280.12
2014-04-21;1280.12
2014-04-18;1280.12
2014-04-17;1280.12
2014-04-16;1280.12
2014-04-15;1280.12
2014-04-14;1280.12
2014-04-11;1280.12
2014-04-10;1280.12
2014-04-09;1280.12
2014-04-08;1280.12
2014-04-07;1280.12
2014-04-04;1280.12
2014-04-03;1280.12
2014-04-02;1280.12
2014-04-01;1280.12
2014-03-31;1280.12
2014-03-28;1280.12
2014-03-27;1280.12
2014-03-26;1280.12
2014-03-25;1280.12
2014-03-24;1280.12
2014-03-21;1280.12
2014-03-20;1280.12
2014-03-19;1280.12
2014-03-18;1280.12
2014-03-17;1280.12
2014-03-14;1237.43
2014-03-13;1237.43
2014-03-12;1237.43
2014-03-11;1237.43
2014-03-07;1237.43
2014-03-06;1237.43
2014-03-05;1237.43
2014-03-04;1237.43
2014-03-03;1237.43
2014-02-28;1237.43
2014-02-27;1237.43
2014-02-26;1237.43
2014-02-25;1237.43
2014-02-24;1237.43
2014-02-21;1237.43
2014-02-20;1237.43
2014-02-19;1237.43
2014-02-18;1237.43
2014-02-17;1237.43
2014-02-14;1237.43
2014-02-13;1237.43
2014-02-12;1237.43
2014-02-11;1237.43
2014-02-10;1237.43
2014-02-07;1237.43
2014-02-06;1237.43
2014-02-05;1237.43
2014-02-04;1237.43
2014-02-03;1237.43
2014-01-31;1237.43
2014-01-30;1237.43
2014-01-29;1237.43
2014-01-28;1237.43
2014-01-27;1237.43
2014-01-24;1237.43
2014-01-23;1237.43
2014-01-22;1237.43
2014-01-21;1237.43
2014-01-20;1237.43
2014-01-17;1237.43
2014-01-16;1237.43
2014-01-15;1237.43
2014-01-14;1237.43
2014-01-13;1237.43
2014-01-10;1237.43
2014-01-09;1237.43
2014-01-08;1237.43
2014-01-06;1237.43
2013-12-30;1237.43
2013-12-27;1237.43
2013-12-26;1237.43
2013-12-25;1237.43
2013-12-24;1237.43
2013-12-23;1237.43
2013-12-20;1237.43
2013-12-19;1237.43
2013-12-18;1237.43
2013-12-17;1237.43
2013-12-16;1237.43
2013-12-13;1237.43
2013-12-12;1248.56
2013-12-11;1274.21
2013-12-10;1288.81
2013-12-09;1288.81
2013-12-06;1288.81
2013-12-05;1288.81
2013-12-04;1288.81
2013-12-03;1288.81
2013-12-02;1429.25
2013-11-29;1429.25
2013-11-28;1429.25
2013-11-27;1429.25
2013-11-26;1429.25
2013-11-25;1429.25
2013-11-22;1429.25
2013-11-21;1429.25
2013-11-20;1429.25
2013-11-19;1429.25
2013-11-18;1429.25
2013-11-15;1429.25
2013-11-14;1429.25
2013-11-13;1429.25
2013-11-12;1429.25
2013-11-11;1429.25
2013-11-08;1429.25
2013-11-07;1429.25
2013-11-06;1429.25
2013-11-05;1429.25
2013-11-01;1429.25
2013-10-31;1429.25
2013-10-30;1429.25
2013-10-29;1429.25
2013-10-28;1429.25
2013-10-25;1429.25
2013-10-24;1429.25
2013-10-23;1429.25
2013-10-22;1429.25
2013-10-21;1429.25
2013-10-18;1429.25
2013-10-17;1429.25
2013-10-16;1429.25
2013-10-15;1429.25
2013-10-14;1429.25
2013-10-11;1429.25
2013-10-10;1429.25
2013-10-09;1429.25
2013-10-08;1429.25
2013-10-07;1429.25
2013-10-04;1429.25
2013-10-03;1429.25
2013-10-02;1429.25
2013-10-01;1429.25
2013-09-30;1429.25
2013-09-27;1429.25
2013-09-26;1429.25
2013-09-25;1429.25
2013-09-24;1429.25
2013-09-23;1429.25
2013-09-20;1429.25
2013-09-19;1429.25
2013-09-18;1429.25
2013-09-17;1429.25
2013-09-16;1429.25
2013-09-13;1429.25
2013-09-12;1429.25
2013-09-11;1439.26
2013-09-10;1440.74
2013-09-09;1440.74
2013-09-06;1423.4
2013-09-05;1422.4
2013-09-04;1375.66
2013-09-03;1373.82
2013-09-02;1367.53
2013-08-30;1364.65
2013-08-29;1364.65
2013-08-28;1364.65
2013-08-27;1364.65
2013-08-26;1364.65
2013-08-23;1364.65
2013-08-22;1364.65
2013-08-21;1364.65
2013-08-20;1364.65
2013-08-19;1364.65
2013-08-16;1364.65
2013-08-15;1364.65
2013-08-14;1364.65
2013-08-13;1364.65
2013-08-12;1364.65
2013-08-09;1364.65
2013-08-08;1362.38
2013-08-07;1362.38
2013-08-06;1362.38
2013-08-05;1362.38
2013-08-02;1362.38
2013-08-01;1362.38
2013-07-31;1362.38
2013-07-30;1362.38
2013-07-29;1362.38
2013-07-26;1362.38
2013-07-25;1362.38
2013-07-24;1362.38
2013-07-23;1362.38
2013-07-22;1362.38
2013-07-19;1362.38
2013-07-18;1362.38
2013-07-17;1362.38
2013-07-16;1362.38
2013-07-15;1362.38
2013-07-12;1362.38
2013-07-11;1362.38
2013-07-10;1333.71
2013-07-09;1333.71
2013-07-08;1333.71
2013-07-05;1333.71
2013-07-04;1333.71
2013-07-03;1333.35
2013-07-02;1333.35
2013-07-01;1333.35
2013-06-28;1330.46
2013-06-27;1313.23
2013-06-26;1313.23
2013-06-25;1297.59
2013-06-24;1290.26
2013-06-21;1290.26
2013-06-20;1290.26
2013-06-19;1290.26
2013-06-18;1290.26
2013-06-17;1290.26
2013-06-14;1290.26
2013-06-13;1281.89
2013-06-11;1281.89
2013-06-10;1281.89
2013-06-07;1281.89
2013-06-06;1281.89
2013-06-05;1281.89
2013-06-04;1281.89
2013-06-03;1281.89
2013-05-31;1281.89
2013-05-30;1281.89
2013-05-29;1281.89
2013-05-28;1281.89
2013-05-27;1281.89
2013-05-24;1281.89
2013-05-23;1281.89
2013-05-22;1281.89
2013-05-21;1281.89
2013-05-20;1281.89
2013-05-17;1281.89
2013-05-16;1281.89
2013-05-15;1281.89
2013-05-14;1281.89
2013-05-13;1281.89
2013-05-10;1281.89
2013-05-08;1281.89
2013-05-07;1281.89
2013-05-06;1281.89
2013-05-03;1281.89
2013-05-02;1281.89
2013-04-30;1281.89
2013-04-29;1281.89
2013-04-26;1281.89
2013-04-25;1281.89
2013-04-24;1281.89
2013-04-23;1281.89
2013-04-22;1281.89
2013-04-19;1281.89
2013-04-18;1281.89
2013-04-17;1281.89
2013-04-16;1281.89
2013-04-15;1281.89
2013-04-12;1281.89
2013-04-11;1281.89
2013-04-10;1281.89
2013-04-09;1281.89
2013-04-08;1281.89
2013-04-05;1281.89
2013-04-04;1281.89
2013-04-03;1281.89
2013-04-02;1281.89
2013-04-01;1281.89
2013-03-29;1281.89
2013-03-28;1281.89
2013-03-27;1281.89
2013-03-26;1281.89
2013-03-25;1281.89
2013-03-22;1281.89
2013-03-21;1281.89
2013-03-20;1281.89
2013-03-19;1281.89
2013-03-18;1301.31
2013-03-15;1316.92
2013-03-14;1316.92
2013-03-13;1316.92
2013-03-12;1326.78
2013-03-11;1335.21
2013-03-07;1335.21
2013-03-06;1335.21
2013-03-05;1335.21
2013-03-04;1335.21
2013-03-01;1335.21
2013-02-28;1335.21
2013-02-27;1335.21
2013-02-26;1335.21
2013-02-25;1335.21
2013-02-22;1335.21
2013-02-21;1335.21
2013-02-20;1335.21
2013-02-19;1335.21
2013-02-18;1335.21
2013-02-15;1335.21
2013-02-14;1335.21
2013-02-13;1335.21
2013-02-12;1335.21
2013-02-11;1335.21
2013-02-08;1335.21
2013-02-07;1335.21
2013-02-06;1335.21
2013-02-05;1335.21
2013-02-04;1335.21
2013-02-01;1335.21
2013-01-31;1335.21
2013-01-30;1335.21
2013-01-29;1335.21
2013-01-28;1335.21
2013-01-25;1335.21
2013-01-24;1335.21
2013-01-23;1335.89
2013-01-22;1352.37
2013-01-21;1359.69
2013-01-18;1385.84
2013-01-17;1401.73
2013-01-16;1408.55
2013-01-15;1408.55
2013-01-14;1408.55
2013-01-11;1416.69
2013-01-10;1417.0
2013-01-09;1417.0
2013-01-08;1417.0
2012-12-28;1417.0
2012-12-27;1417.0
2012-12-26;1417.0
2012-12-25;1417.0
2012-12-24;1417.0
2012-12-21;1428.46
2012-12-20;1441.36
2012-12-19;1449.2
2012-12-18;1449.2
2012-12-17;1449.2
2012-12-14;1462.82
2012-12-13;1462.87
2012-12-12;1462.87
2012-12-11;1448.43
2012-12-10;1447.72
2012-12-07;1441.47
2012-12-06;1438.54
2012-12-05;1435.97
2012-12-04;1411.83
2012-12-03;1411.83
2012-11-30;1405.97
2012-11-29;1388.31
2012-11-28;1380.94
2012-11-27;1380.94
2012-11-26;1380.94
2012-11-23;1380.94
2012-11-22;1380.94
2012-11-21;1380.94
2012-11-20;1380.94
2012-11-19;1380.94
2012-11-16;1380.94
2012-11-15;1380.94
2012-11-14;1372.19
2012-11-13;1372.19
2012-11-12;1372.19
2012-11-09;1372.19
2012-11-08;1372.19
2012-11-07;1372.19
2012-11-06;1372.19
2012-11-02;1372.19
2012-11-01;1372.19
2012-10-31;1372.19
2012-10-30;1372.19
2012-10-29;1372.19
2012-10-26;1372.19
2012-10-25;1372.19
2012-10-24;1372.19
2012-10-23;1372.19
2012-10-22;1372.19
2012-10-19;1372.19
2012-10-18;1372.19
2012-10-17;1372.19
2012-10-16;1372.19
2012-10-15;1372.19
2012-10-12;1372.19
2012-10-11;1372.19
2012-10-10;1372.19
2012-10-09;1372.19
2012-10-08;1372.19
2012-10-05;1372.19
2012-10-04;1372.19
2012-10-03;1372.19
2012-10-02;1372.19
2012-10-01;1372.19
2012-09-28;1372.19
2012-09-27;1372.19
2012-09-26;1372.19
2012-09-25;1372.19
2012-09-24;1372.19
2012-09-21;1372.19
2012-09-20;1372.19
2012-09-19;1372.19
2012-09-18;1372.19
2012-09-17;1372.19
2012-09-14;1372.19
2012-09-13;1372.19
2012-09-12;1372.19
2012-09-11;1372.19
2012-09-10;1372.19
2012-09-07;1372.19
2012-09-06;1372.19
2012-09-05;1372.19
2012-09-04;1372.19
2012-09-03;1372.19
2012-08-31;1372.19
2012-08-30;1372.19
2012-08-29;1372.19
2012-08-28;1372.19
2012-08-27;1372.19
2012-08-24;1372.19
2012-08-23;1372.19
2012-08-22;1372.19
2012-08-21;1373.83
2012-08-20;1401.32
2012-08-17;1401.32
2012-08-16;1407.79
2012-08-15;1421.62
2012-08-14;1421.62
2012-08-13;1421.62
2012-08-10;1421.62
2012-08-09;1421.62
2012-08-08;1421.62
2012-08-07;1421.62
2012-08-06;1421.62
2012-08-03;1421.28
2012-08-02;1397.05
2012-08-01;1397.05
2012-07-31;1397.05
2012-07-30;1397.05
2012-07-27;1397.05
2012-07-26;1384.06
2012-07-25;1367.67
2012-07-24;1365.75
2012-07-23;1365.75
2012-07-20;1365.75
2012-07-19;1365.75
2012-07-18;1365.75
2012-07-17;1365.75
2012-07-16;1365.75
2012-07-13;1365.75
2012-07-12;1365.75
2012-07-11;1365.75
2012-07-10;1365.75
2012-07-09;1365.75
2012-07-06;1365.75
2012-07-05;1365.75
2012-07-04;1365.75
2012-07-03;1365.75
2012-07-02;1365.75
2012-06-29;1365.75
2012-06-28;1342.91
2012-06-27;1342.91
2012-06-26;1342.82
2012-06-25;1330.15
2012-06-22;1330.15
2012-06-21;1330.15
2012-06-20;1330.15
2012-06-19;1330.15
2012-06-18;1330.15
2012-06-15;1330.15
2012-06-14;1330.15
2012-06-13;1330.15
2012-06-09;1330.15
2012-06-08;1330.15
2012-06-07;1330.15
2012-06-06;1313.21
2012-06-05;1297.04
2012-06-04;1297.04
2012-06-01;1297.04
2012-05-31;1297.04
2012-05-30;1297.04
2012-05-29;1297.04
2012-05-28;1290.72
2012-05-25;1281.6
2012-05-24;1281.6
2012-05-23;1256.55
2012-05-22;1256.55
2012-05-21;1256.55
2012-05-18;1256.55
2012-05-17;1256.55
2012-05-16;1256.55
2012-05-15;1256.55
2012-05-14;1256.55
2012-05-12;1256.55
2012-05-11;1256.55
2012-05-10;1256.55
2012-05-08;1256.55
2012-05-07;1256.55
2012-05-05;1256.55
2012-05-04;1256.55
2012-05-03;1256.55
2012-05-02;1256.55
2012-04-28;1256.55
2012-04-27;1256.55
2012-04-26;1256.55
2012-04-25;1256.55
2012-04-24;1256.55
2012-04-23;1256.55
2012-04-20;1256.55
2012-04-19;1256.55
2012-04-18;1256.55
2012-04-17;1256.55
2012-04-16;1256.55
2012-04-13;1256.55
2012-04-12;1256.55
2012-04-11;1256.55
2012-04-10;1256.55
2012-04-09;1256.55
2012-04-06;1256.55
2012-04-05;1256.55
2012-04-04;1256.55
2012-04-03;1256.55
2012-04-02;1256.55
2012-03-30;1256.55
2012-03-29;1256.55
2012-03-28;1256.55
2012-03-27;1256.55
2012-03-26;1256.55
2012-03-23;1256.55
2012-03-22;1256.55
2012-03-21;1256.55
2012-03-20;1256.55
2012-03-19;1256.55
2012-03-16;1256.55
2012-03-15;1256.55
2012-03-14;1256.55
2012-03-13;1256.55
2012-03-12;1256.55
2012-03-11;1256.55
2012-03-07;1256.55
2012-03-06;1256.55
2012-03-05;1256.55
2012-03-02;1256.55
2012-03-01;1256.55
2012-02-29;1256.55
2012-02-28;1271.48
2012-02-27;1271.48
2012-02-24;1271.48
2012-02-22;1287.79
2012-02-21;1335.1
2012-02-20;1337.42
2012-02-17;1337.42
2012-02-16;1384.02
2012-02-15;1384.02
2012-02-14;1384.02
2012-02-13;1384.02
2012-02-10;1385.14
2012-02-09;1386.41
2012-02-08;1391.14
2012-02-07;1442.71
2012-02-06;1446.04
2012-02-03;1447.06
2012-02-02;1447.06
2012-02-01;1447.06
2012-01-31;1457.4
2012-01-30;1457.4
2012-01-27;1466.34
2012-01-26;1468.55
2012-01-25;1468.55
2012-01-24;1468.55
2012-01-23;1471.61
2012-01-20;1477.71
2012-01-19;1488.7
2012-01-18;1488.7
2012-01-17;1486.34
2012-01-16;1464.42
2012-01-13;1463.43
2012-01-12;1463.43
2012-01-11;1463.43
2012-01-10;1463.43
2012-01-09;1448.36
2012-01-06;1440.6
2012-01-05;1434.91
2012-01-04;1434.91
2012-01-03;1434.91
2011-12-30;1402.23
2011-12-29;1387.06
2011-12-28;1383.09
2011-12-27;1383.09
2011-12-26;1383.09
2011-12-23;1376.11
2011-12-22;1376.11
2011-12-21;1376.11
2011-12-20;1376.11
2011-12-19;1376.11
2011-12-16;1376.11
2011-12-15;1376.11
2011-12-14;1372.42
2011-12-13;1372.42
2011-12-12;1349.96
2011-12-09;1349.96
2011-12-08;1349.96
2011-12-07;1349.96
2011-12-06;1349.96
2011-12-05;1349.96
2011-12-02;1349.96
2011-12-01;1349.96
2011-11-30;1349.96
2011-11-29;1349.96
2011-11-28;1349.96
2011-11-25;1349.96
2011-11-24;1349.96
2011-11-23;1349.96
2011-11-22;1349.96
2011-11-21;1349.96
2011-11-18;1349.96
2011-11-17;1349.96
2011-11-16;1349.96
2011-11-15;1349.96
2011-11-14;1349.96
2011-11-11;1349.96
2011-11-10;1349.96
2011-11-09;1349.96
2011-11-08;1349.96
2011-11-07;1349.96
2011-11-03;1349.96
2011-11-02;1349.96
2011-11-01;1349.96
2011-10-31;1349.96
2011-10-28;1349.96
2011-10-27;1349.96
2011-10-26;1349.96
2011-10-25;1349.96
2011-10-24;1349.96
2011-10-21;1349.96
2011-10-20;1349.96
2011-10-19;1349.96
2011-10-18;1349.96
2011-10-17;1349.96
2011-10-14;1349.96
2011-10-13;1349.96
2011-10-12;1349.96
2011-10-11;1349.96
2011-10-10;1349.96
2011-10-07;1349.96
2011-10-06;1318.29
2011-10-05;1265.67
2011-10-04;1265.67
2011-10-03;1265.67
2011-09-30;1265.67
2011-09-29;1265.67
2011-09-28;1265.67
2011-09-27;1265.67
2011-09-26;1265.67
2011-09-23;1265.67
2011-09-22;1265.67
2011-09-21;1265.67
2011-09-20;1265.67
2011-09-19;1265.67
2011-09-16;1265.67
2011-09-15;1265.67
2011-09-14;1265.67
2011-09-13;1265.67
2011-09-12;1265.67
2011-09-09;1265.67
2011-09-08;1265.67
2011-09-07;1265.67
2011-09-06;1265.67
2011-09-05;1265.67
2011-09-02;1265.67
2011-09-01;1265.67
2011-08-31;1265.67
2011-08-30;1265.67
2011-08-29;1265.67
2011-08-26;1265.67
2011-08-25;1265.67
2011-08-24;1265.67
2011-08-23;1265.67
2011-08-22;1265.67
2011-08-19;1265.67
2011-08-18;1265.67
2011-08-17;1265.67
2011-08-16;1265.67
2011-08-15;1265.67
2011-08-12;1265.67
2011-08-11;1265.67
2011-08-10;1265.67
2011-08-09;1265.67
2011-08-08;1265.67
2011-08-05;1265.67
2011-08-04;1265.67
2011-08-03;1265.67
2011-08-02;1265.67
2011-08-01;1265.67
2011-07-29;1265.67
2011-07-28;1265.67
2011-07-27;1265.67
2011-07-26;1265.67
2011-07-25;1265.67
2011-07-22;1265.67
2011-07-21;1265.67
2011-07-20;1265.67
2011-07-19;1265.67
2011-07-18;1265.67
2011-07-15;1265.67
2011-07-14;1265.67
2011-07-13;1267.77
2011-07-12;1327.19
2011-07-11;1327.19
2011-07-08;1327.19
2011-07-07;1327.19
2011-07-06;1327.19
2011-07-05;1327.19
2011-07-04;1327.19
2011-07-01;1389.43
2011-06-30;1431.41
2011-06-29;1431.41
2011-06-28;1431.41
2011-06-27;1431.41
2011-06-24;1431.41
2011-06-23;1431.41
2011-06-22;1431.41
2011-06-21;1431.41
2011-06-20;1431.41
2011-06-17;1431.41
2011-06-16;1431.41
2011-06-15;1431.41
2011-06-14;1431.41
2011-06-10;1431.41
2011-06-09;1431.41
2011-06-08;1431.41
2011-06-07;1431.41
2011-06-06;1431.41
2011-06-03;1431.41
2011-06-02;1431.41
2011-06-01;1431.41
2011-05-31;1431.41
2011-05-30;1431.41
2011-05-27;1431.41
2011-05-26;1431.41
2011-05-25;1431.41
2011-05-24;1431.41
2011-05-23;1431.41
2011-05-20;1431.41
2011-05-19;1431.41
2011-05-18;1431.41
2011-05-17;1497.81
2011-05-16;1499.79
2011-05-13;1573.14
2011-05-12;1573.14
2011-05-11;1573.14
2011-05-10;1573.14
2011-05-06;1573.14
2011-05-05;1573.14
2011-05-04;1573.14
2011-05-03;1573.14
2011-04-29;1573.14
2011-04-28;1573.14
2011-04-27;1573.14
2011-04-26;1573.14
2011-04-25;1573.14
2011-04-22;1573.14
2011-04-21;1573.14
2011-04-20;1573.14
2011-04-19;1573.14
2011-04-18;1573.14
2011-04-15;1573.14
2011-04-14;1573.14
2011-04-13;1573.14
2011-04-12;1573.14
2011-04-11;1573.14
2011-04-08;1573.14
2011-04-07;1573.14
2011-04-06;1573.14
2011-04-05;1573.14
2011-04-04;1573.14
2011-04-01;1573.14
2011-03-31;1573.14
2011-03-30;1573.14
2011-03-29;1573.14
2011-03-28;1573.14
2011-03-25;1573.14
2011-03-24;1573.14
2011-03-23;1573.14
2011-03-22;1573.14
2011-03-21;1573.14
2011-03-18;1573.14
2011-03-17;1573.14
2011-03-16;1573.14
2011-03-15;1573.14
2011-03-14;1573.14
2011-03-11;1573.14
2011-03-10;1573.14
2011-03-09;1573.14
2011-03-05;1573.14
2011-03-04;1573.14
2011-03-03;1573.14
2011-03-02;1573.14
2011-03-01;1573.14
2011-02-28;1573.14
2011-02-25;1573.14
2011-02-24;1573.14
2011-02-22;1603.97
2011-02-21;1608.66
2011-02-18;1608.66
2011-02-17;1608.66
2011-02-16;1622.98
2011-02-15;1630.78
2011-02-14;1630.78
2011-02-11;1644.92
2011-02-10;1644.92
2011-02-09;1644.92
2011-02-08;1644.92
2011-02-07;1657.54
2011-02-04;1676.77
2011-02-03;1676.77
2011-02-02;1676.77
2011-02-01;1676.77
2011-01-31;1676.77
2011-01-28;1676.77
2011-01-27;1676.77
2011-01-26;1676.77
2011-01-25;1676.77
2011-01-24;1676.77
2011-01-21;1676.77
2011-01-20;1676.77
2011-01-19;1676.77
2011-01-18;1676.77
2011-01-17;1676.77
2011-01-14;1676.77
2011-01-13;1676.77
2011-01-12;1676.77
2011-01-11;1676.77
2010-12-30;1676.77
2010-12-29;1676.77
2010-12-28;1664.86
2010-12-27;1663.55
2010-12-24;1663.55
2010-12-23;1663.55
2010-12-22;1663.55
2010-12-21;1663.55
2010-12-20;1663.11
2010-12-17;1663.11
2010-12-16;1660.2
2010-12-15;1660.2
2010-12-14;1660.2
2010-12-13;1660.2
2010-12-10;1656.34
2010-12-09;1656.34
2010-12-08;1650.08
2010-12-07;1650.08
2010-12-06;1650.08
2010-12-03;1649.56
2010-12-02;1632.37
2010-12-01;1601.76
2010-11-30;1565.52
2010-11-29;1554.65
2010-11-26;1554.65
2010-11-25;1554.65
2010-11-24;1554.65
2010-11-23;1536.87
2010-11-22;1536.87
2010-11-19;1536.87
2010-11-18;1536.87
2010-11-17;1533.92
2010-11-16;1526.64
2010-11-15;1526.64
2010-11-13;1526.64
2010-11-12;1526.64
2010-11-11;1526.64
2010-11-10;1526.64
2010-11-09;1526.64
2010-11-08;1526.64
2010-11-03;1526.64
2010-11-02;1526.64
2010-11-01;1526.64
2010-10-29;1523.39
2010-10-28;1506.6
2010-10-27;1506.6
2010-10-26;1506.6
2010-10-25;1506.6
2010-10-22;1506.6
2010-10-21;1506.6
2010-10-20;1493.49
2010-10-19;1490.49
2010-10-18;1490.49
2010-10-15;1490.49
2010-10-14;1489.06
2010-10-13;1489.06
2010-10-12;1477.78
2010-10-11;1477.78
2010-10-08;1464.67
2010-10-07;1464.67
2010-10-06;1464.67
2010-10-05;1464.67
2010-10-04;1464.67
2010-10-01;1455.63
2010-09-30;1440.3
2010-09-29;1419.18
2010-09-28;1410.11
2010-09-27;1410.11
2010-09-24;1410.11
2010-09-23;1410.11
2010-09-22;1410.11
2010-09-21;1410.11
2010-09-20;1410.11
2010-09-17;1410.11
2010-09-16;1410.11
2010-09-15;1410.11
2010-09-14;1410.11
2010-09-13;1410.11
2010-09-10;1410.11
2010-09-09;1410.11
2010-09-08;1410.11
2010-09-07;1398.7
2010-09-06;1398.7
2010-09-03;1398.7
2010-09-02;1398.7
2010-09-01;1394.57
2010-08-31;1368.9
2010-08-30;1368.9
2010-08-27;1366.5
2010-08-26;1356.43
2010-08-25;1334.66
2010-08-24;1334.66
2010-08-23;1334.66
2010-08-20;1334.66
2010-08-19;1334.66
2010-08-18;1334.66
2010-08-17;1334.66
2010-08-16;1334.66
2010-08-13;1334.66
2010-08-12;1334.66
2010-08-11;1334.66
2010-08-10;1334.66
2010-08-09;1334.66
2010-08-06;1334.66
2010-08-05;1334.66
2010-08-04;1334.66
2010-08-03;1334.66
2010-08-02;1334.66
2010-07-30;1334.66
2010-07-29;1334.66
2010-07-28;1334.66
2010-07-27;1334.66
2010-07-26;1334.66
2010-07-23;1334.66
2010-07-22;1334.66
2010-07-21;1334.66
2010-07-20;1328.71
2010-07-19;1328.71
2010-07-16;1327.55
2010-07-15;1327.55
2010-07-14;1327.55
2010-07-13;1327.55
2010-07-12;1327.55
2010-07-09;1324.17
2010-07-08;1320.64
2010-07-07;1320.64
2010-07-06;1320.64
2010-07-05;1292.19
2010-07-02;1288.05
2010-07-01;1254.65
2010-06-30;1254.65
2010-06-29;1254.65
2010-06-28;1254.65
2010-06-25;1254.65
2010-06-24;1254.65
2010-06-23;1254.65
2010-06-22;1254.65
2010-06-21;1254.65
2010-06-18;1254.65
2010-06-17;1254.65
2010-06-16;1254.65
2010-06-15;1254.65
2010-06-11;1254.65
2010-06-10;1254.65
2010-06-09;1254.65
2010-06-08;1254.65
2010-06-07;1254.65
2010-06-04;1254.65
2010-06-03;1254.65
2010-06-02;1254.65
2010-06-01;1254.65
2010-05-31;1254.65
2010-05-28;1254.65
2010-05-27;1254.65
2010-05-26;1254.65
2010-05-25;1197.39
2010-05-24;1197.39
2010-05-21;1197.39
2010-05-20;1197.39
2010-05-19;1197.39
2010-05-18;1197.39
2010-05-17;1197.39
2010-05-14;1197.39
2010-05-13;1197.39
2010-05-12;1197.39
2010-05-11;1197.39
2010-05-07;1197.39
2010-05-06;1197.39
2010-05-05;1197.39
2010-05-04;1197.39
2010-04-30;1197.39
2010-04-29;1197.39
2010-04-28;1197.39
2010-04-27;1197.39
2010-04-26;1197.39
2010-04-23;1197.39
2010-04-22;1197.39
2010-04-21;1197.39
2010-04-20;1197.39
2010-04-19;1197.39
2010-04-16;1197.39
2010-04-15;1197.39
2010-04-14;1197.39
2010-04-13;1197.39
2010-04-12;1197.39
2010-04-09;1197.39
2010-04-08;1197.39
2010-04-07;1197.39
2010-04-06;1197.39
2010-04-05;1197.39
2010-04-02;1197.39
2010-04-01;1197.39
2010-03-31;1197.39
2010-03-30;1197.39
2010-03-29;1197.39
2010-03-26;1197.39
2010-03-25;1197.39
2010-03-24;1197.39
2010-03-23;1197.39
2010-03-22;1197.39
2010-03-19;1197.39
2010-03-18;1197.39
2010-03-17;1197.39
2010-03-16;1197.39
2010-03-15;1197.39
2010-03-12;1197.39
2010-03-11;1197.39
2010-03-10;1197.39
2010-03-09;1197.39
2010-03-05;1197.39
2010-03-04;1197.39
2010-03-03;1197.39
2010-03-02;1197.39
2010-03-01;1197.39
2010-02-27;1197.39
2010-02-26;1263.99
2010-02-25;1263.99
2010-02-24;1263.99
2010-02-19;1288.61
2010-02-18;1288.61
2010-02-17;1288.61
2010-02-16;1288.61
2010-02-15;1288.61
2010-02-12;1288.61
2010-02-11;1288.61
2010-02-10;1288.61
2010-02-09;1304.86
2010-02-08;1304.86
2010-02-05;1304.86
2010-02-04;1304.86
2010-02-03;1304.86
2010-02-02;1304.86
2010-02-01;1304.86
2010-01-29;1304.86
2010-01-28;1304.86
2010-01-27;1304.86
2010-01-26;1304.86
2010-01-25;1304.86
2010-01-22;1304.86
2010-01-21;1304.86
2010-01-20;1304.86
2010-01-19;1304.86
2010-01-18;1304.86
2010-01-15;1304.86
2010-01-14;1304.86
2010-01-13;1304.86
2010-01-12;1304.86
2010-01-11;1304.86
2009-12-31;1304.86
2009-12-30;1304.86
2009-12-29;1304.86
2009-12-28;1304.86
2009-12-25;1304.86
2009-12-24;1304.86
2009-12-23;1304.86
2009-12-22;1304.86
2009-12-21;1304.86
2009-12-18;1304.86
2009-12-17;1304.86
2009-12-16;1304.86
2009-12-15;1304.86
2009-12-14;1304.86
2009-12-11;1301.33
2009-12-10;1301.33
2009-12-09;1301.33
2009-12-08;1301.33
2009-12-07;1301.33
2009-12-04;1301.33
2009-12-03;1301.33
2009-12-02;1301.33
2009-12-01;1301.33
2009-11-30;1284.95
2009-11-27;1284.95
2009-11-26;1268.92
2009-11-25;1268.92
2009-11-24;1268.92
2009-11-23;1268.92
2009-11-20;1268.92
2009-11-19;1268.92
2009-11-18;1268.92
2009-11-17;1268.92
2009-11-16;1268.92
2009-11-13;1268.92
2009-11-12;1268.92
2009-11-11;1268.92
2009-11-10;1268.92
2009-11-09;1268.92
2009-11-06;1241.92
2009-11-05;1241.92
2009-11-03;1218.42
2009-11-02;1218.42
2009-10-30;1218.42
2009-10-29;1218.42
2009-10-28;1218.42
2009-10-27;1218.42
2009-10-26;1218.42
2009-10-23;1218.42
2009-10-22;1218.42
2009-10-21;1218.42
2009-10-20;1218.42
2009-10-19;1218.42
2009-10-16;1218.42
2009-10-15;1218.42
2009-10-14;1218.42
2009-10-13;1218.42
2009-10-12;1218.42
2009-10-09;1218.42
2009-10-08;1218.42
2009-10-07;1218.42
2009-10-06;1218.42
2009-10-05;1178.17
2009-10-02;1175.83
2009-10-01;1175.83
2009-09-30;1175.83
2009-09-29;1175.83
2009-09-28;1175.83
2009-09-25;1175.83
2009-09-24;1175.83
2009-09-23;1175.83
2009-09-22;1175.83
2009-09-21;1165.11
2009-09-18;1165.11
2009-09-17;1165.11
2009-09-16;1165.11
2009-09-15;1165.11
2009-09-14;1165.11
2009-09-11;1165.11
2009-09-10;1154.12
2009-09-09;1154.12
2009-09-08;1149.81
2009-09-07;1111.92
2009-09-04;1085.58
2009-09-03;1085.58
2009-09-02;1076.69
2009-09-01;1076.69
2009-08-31;1076.69
2009-08-28;1076.69
2009-08-27;1076.69
2009-08-26;1076.69
2009-08-25;1076.69
2009-08-24;1076.69
2009-08-21;1076.69
2009-08-20;1062.87
2009-08-19;1034.08
2009-08-18;1034.08
2009-08-17;1034.08
2009-08-14;1034.08
2009-08-13;1034.08
2009-08-12;1034.08
2009-08-11;1034.08
2009-08-10;1034.08
2009-08-07;1034.08
2009-08-06;1034.08
2009-08-05;1034.08
2009-08-04;1034.08
2009-08-03;1034.08
2009-07-31;1034.08
2009-07-30;1034.08
2009-07-29;986.8
2009-07-28;986.8
2009-07-27;986.8
2009-07-24;986.8
2009-07-23;986.8
2009-07-22;980.71
2009-07-21;980.71
2009-07-20;980.71
2009-07-17;966.18
2009-07-16;938.73
2009-07-15;938.73
2009-07-14;891.41
2009-07-13;881.15
2009-07-10;871.33
2009-07-09;871.33
2009-07-08;871.33
2009-07-07;871.33
2009-07-06;871.33
2009-07-03;871.33
2009-07-02;871.33
2009-07-01;871.33
2009-06-30;871.33
2009-06-29;871.33
2009-06-26;871.33
2009-06-25;871.33
2009-06-24;871.33
2009-06-23;871.33
2009-06-22;871.33
2009-06-19;871.33
2009-06-18;871.33
2009-06-17;871.33
2009-06-16;871.33
2009-06-15;871.33
2009-06-11;871.33
2009-06-10;871.33
2009-06-09;871.33
2009-06-08;871.33
2009-06-05;871.33
2009-06-04;871.33
2009-06-03;871.33
2009-06-02;871.33
2009-06-01;871.33
2009-05-29;871.33
2009-05-28;871.33
2009-05-27;871.33
2009-05-26;871.33
2009-05-25;871.33
2009-05-22;871.33
2009-05-21;871.33
2009-05-20;871.33
2009-05-19;871.33
2009-05-18;871.33
2009-05-15;871.33
2009-05-14;871.33
2009-05-13;871.33
2009-05-12;871.33
2009-05-08;871.33
2009-05-07;871.33
2009-05-06;871.33
2009-05-05;871.33
2009-05-04;871.33
2009-04-30;871.33
2009-04-29;871.33
2009-04-28;871.33
2009-04-27;871.33
2009-04-24;871.33
2009-04-23;871.33
2009-04-22;871.33
2009-04-21;871.33
2009-04-20;871.33
2009-04-17;871.33
2009-04-16;871.33
2009-04-15;871.33
2009-04-14;877.21
2009-04-13;877.21
2009-04-10;877.21
2009-04-09;877.21
2009-04-08;872.74
2009-04-07;843.34
2009-04-06;836.09
2009-04-03;836.09
2009-04-02;836.09
2009-04-01;787.22
2009-03-31;772.93
2009-03-30;763.36
2009-03-27;763.36
2009-03-26;763.36
2009-03-25;763.36
2009-03-24;763.36
2009-03-23;763.36
2009-03-20;763.36
2009-03-19;763.36
2009-03-18;743.05
2009-03-17;743.05
2009-03-16;743.05
2009-03-13;743.05
2009-03-12;728.23
2009-03-11;728.23
2009-03-10;728.23
2009-03-06;688.87
2009-03-05;671.91
2009-03-04;671.91
2009-03-03;654.14
2009-03-02;646.79
2009-02-27;646.79
2009-02-26;646.79
2009-02-25;632.78
2009-02-24;629.31
2009-02-20;629.31
2009-02-19;629.31
2009-02-18;627.95
2009-02-17;627.95
2009-02-16;627.95
2009-02-13;627.95
2009-02-12;627.95
2009-02-11;627.95
2009-02-10;627.95
2009-02-09;627.95
2009-02-06;627.95
2009-02-05;623.19
2009-02-04;623.19
2009-02-03;623.19
2009-02-02;623.19
2009-01-30;623.19
2009-01-29;619.25
2009-01-28;619.25
2009-01-27;602.9
2009-01-26;602.9
2009-01-23;553.62
2009-01-22;553.62
2009-01-21;553.62
2009-01-20;553.62
2009-01-19;553.62
2009-01-16;553.62
2009-01-15;553.62
2009-01-14;553.62
2009-01-13;553.62
2009-01-12;553.62
2009-01-11;553.62
2008-12-31;553.62
2008-12-30;553.62
2008-12-29;553.62
2008-12-26;553.62
2008-12-25;553.62
2008-12-24;553.62
2008-12-23;553.62
2008-12-22;553.62
2008-12-19;553.62
2008-12-18;553.62
2008-12-17;553.62
2008-12-16;553.62
2008-12-15;553.62
2008-12-12;553.62
2008-12-11;553.62
2008-12-10;553.62
2008-12-09;553.62
2008-12-08;553.62
2008-12-05;553.62
2008-12-04;553.62
2008-12-03;553.62
2008-12-02;553.62
2008-12-01;553.62
2008-11-28;553.62
2008-11-27;553.62
2008-11-26;553.62
2008-11-25;553.62
2008-11-24;553.62
2008-11-21;516.93
2008-11-20;516.93
2008-11-19;516.93
2008-11-18;516.93
2008-11-17;516.93
2008-11-14;516.93
2008-11-13;516.93
2008-11-12;516.93
2008-11-11;516.93
2008-11-10;516.93
2008-11-07;516.93
2008-11-06;516.93
2008-11-05;516.93
2008-11-01;516.93
2008-10-31;516.93
2008-10-30;516.93
2008-10-29;516.93
2008-10-28;516.93
2008-10-27;513.62
2008-10-24;513.62
2008-10-23;513.62
2008-10-22;513.62
2008-10-21;513.62
2008-10-20;513.62
2008-10-17;513.62
2008-10-16;513.62
2008-10-15;513.62
2008-10-14;513.62
2008-10-13;513.62
2008-10-10;513.62
2008-10-09;513.62
2008-10-08;513.62
2008-10-07;513.62
2008-10-06;513.62
2008-10-03;513.62
2008-10-02;513.62
2008-10-01;513.62
2008-09-30;513.62
2008-09-29;513.62
2008-09-26;513.62
2008-09-25;513.62
2008-09-24;513.62
2008-09-23;513.62
2008-09-22;513.62
2008-09-19;513.62
2008-09-18;513.62
2008-09-17;513.62
2008-09-16;513.62
2008-09-15;513.62
2008-09-12;513.62
2008-09-11;513.62
2008-09-10;513.62
2008-09-09;513.62
2008-09-08;513.62
2008-09-05;513.62
2008-09-04;513.62
2008-09-03;513.62
2008-09-02;513.62
2008-09-01;513.62
2008-08-29;513.62
2008-08-28;513.62
2008-08-27;513.62
2008-08-26;513.62
2008-08-25;513.62
2008-08-22;513.62
2008-08-21;513.62
2008-08-20;513.62
2008-08-19;513.62
2008-08-18;513.62
2008-08-15;513.62
2008-08-14;513.62
2008-08-13;513.62
2008-08-12;513.62
2008-08-11;513.62
2008-08-08;513.62
2008-08-07;513.62
2008-08-06;513.62
2008-08-05;513.62
2008-08-04;513.62
2008-08-01;598.87
2008-07-31;599.64
2008-07-30;599.64
2008-07-29;599.64
2008-07-28;599.64
2008-07-25;626.85
2008-07-24;637.87
2008-07-23;637.87
2008-07-22;637.87
2008-07-21;637.87
2008-07-18;637.87
2008-07-17;637.87
2008-07-16;744.76
2008-07-15;752.0
2008-07-14;853.93
2008-07-11;853.93
2008-07-10;853.93
2008-07-09;853.93
2008-07-08;853.93
2008-07-07;853.93
2008-07-04;853.93
2008-07-03;853.93
2008-07-02;853.93
2008-07-01;853.93
2008-06-30;853.93
2008-06-27;853.93
2008-06-26;853.93
2008-06-25;881.17
2008-06-24;1067.45
2008-06-23;1073.02
2008-06-20;1073.02
2008-06-19;1114.67
2008-06-18;1158.07
2008-06-17;1234.71
2008-06-16;1234.71
2008-06-11;1281.86
2008-06-10;1292.92
2008-06-09;1292.92
2008-06-07;1292.92
2008-06-06;1292.92
2008-06-05;1292.92
2008-06-04;1292.92
2008-06-03;1292.92
2008-06-02;1320.58
2008-05-30;1359.62
2008-05-29;1359.62
2008-05-28;1359.62
2008-05-27;1359.62
2008-05-26;1359.62
2008-05-23;1359.62
2008-05-22;1359.62
2008-05-21;1359.62
2008-05-20;1359.62
2008-05-19;1359.62
2008-05-16;1359.62
2008-05-15;1397.46
2008-05-14;1397.46
2008-05-13;1397.46
2008-05-12;1439.01
2008-05-08;1439.01
2008-05-07;1439.01
2008-05-06;1439.01
2008-05-05;1439.01
2008-05-04;1456.16
2008-04-30;1487.1
2008-04-29;1573.53
2008-04-28;1603.04
2008-04-25;1606.11
2008-04-24;1622.01
2008-04-23;1622.01
2008-04-22;1622.01
2008-04-21;1622.01
2008-04-18;1622.01
2008-04-17;1622.01
2008-04-16;1622.01
2008-04-15;1646.75
2008-04-14;1638.29
2008-04-11;1638.29
2008-04-10;1638.29
2008-04-09;1638.29
2008-04-08;1638.29
2008-04-07;1638.29
2008-04-04;1635.04
2008-04-03;1631.2
2008-04-02;1631.2
2008-04-01;1631.2
2008-03-31;1628.43
2008-03-28;1627.87
2008-03-27;1618.61
2008-03-26;1593.73
2008-03-25;1593.73
2008-03-24;1593.73
2008-03-21;1576.47
2008-03-20;1569.18
2008-03-19;1569.18
2008-03-18;1569.18
2008-03-17;1569.18
2008-03-14;1569.18
2008-03-13;1569.18
2008-03-12;1569.18
2008-03-11;1569.18
2008-03-07;1569.18
2008-03-06;1569.18
2008-03-05;1569.18
2008-03-04;1569.18
2008-03-03;1569.18
2008-02-29;1569.18
2008-02-28;1569.18
2008-02-27;1569.18
2008-02-26;1569.18
2008-02-22;1569.18
2008-02-21;1569.18
2008-02-20;1569.18
2008-02-19;1569.18
2008-02-18;1569.18
2008-02-15;1569.18
2008-02-14;1569.18
2008-02-13;1569.18
2008-02-12;1569.18
2008-02-11;1569.18
2008-02-08;1568.88
2008-02-07;1568.88
2008-02-06;1568.88
2008-02-05;1568.88
2008-02-04;1568.88
2008-02-01;1568.88
2008-01-31;1568.88
2008-01-30;1568.88
2008-01-29;1568.88
2008-01-28;1568.88
2008-01-25;1568.88
2008-01-24;1568.88
2008-01-23;1568.88
2008-01-22;1568.88
2008-01-21;1568.88
2008-01-18;1568.88
2008-01-17;1568.88
2008-01-16;1568.88
2008-01-15;1568.88
2008-01-14;1568.88
2008-01-11;1568.88
2008-01-10;1568.88
2008-01-09;1568.88
2007-12-28;1568.88
2007-12-27;1568.88
2007-12-26;1568.88
2007-12-25;1568.88
2007-12-24;1568.88
2007-12-21;1568.88
2007-12-20;1568.88
2007-12-19;1568.88
2007-12-18;1568.88
2007-12-17;1568.88
2007-12-14;1568.88
2007-12-13;1568.88
2007-12-12;1568.88
2007-12-11;1568.88
2007-12-10;1568.88
2007-12-07;1568.88
2007-12-06;1568.88
2007-12-05;1568.88
2007-12-04;1568.88
2007-12-03;1568.88
2007-11-30;1568.88
2007-11-29;1568.88
2007-11-28;1568.88
2007-11-27;1568.88
2007-11-26;1568.88
2007-11-23;1568.88
2007-11-22;1568.88
2007-11-21;1568.88
2007-11-20;1568.88
2007-11-19;1568.88
2007-11-16;1568.88
2007-11-15;1568.88
2007-11-14;1568.88
2007-11-13;1568.88
2007-11-12;1568.88
2007-11-09;1568.88
2007-11-08;1568.88
2007-11-07;1570.9
2007-11-06;1570.9
2007-11-02;1570.9
2007-11-01;1570.9
2007-10-31;1570.9
2007-10-30;1570.9
2007-10-29;1570.9
2007-10-26;1570.9
2007-10-25;1570.9
2007-10-24;1570.9
2007-10-23;1570.9
2007-10-22;1570.9
2007-10-19;1636.79
2007-10-18;1654.83
2007-10-17;1772.35
2007-10-16;1772.35
2007-10-15;1772.35
2007-10-12;1772.35
2007-10-11;1772.35
2007-10-10;1772.35
2007-10-09;1772.35
2007-10-08;1772.35
2007-10-05;1772.35
2007-10-04;1772.35
2007-10-03;1772.35
2007-10-02;1772.35
2007-10-01;1733.39
2007-09-28;1733.39
2007-09-27;1733.39
2007-09-26;1733.39
2007-09-25;1703.72
2007-09-24;1703.72
2007-09-21;1703.72
2007-09-20;1703.72
2007-09-19;1703.72
2007-09-18;1669.06
2007-09-17;1648.23
2007-09-14;1648.23
2007-09-13;1648.23
2007-09-12;1635.69
2007-09-11;1635.69
2007-09-10;1635.69
2007-09-07;1635.69
2007-09-06;1635.69
2007-09-05;1635.69
2007-09-04;1635.69
2007-09-03;1635.69
2007-08-31;1635.69
2007-08-30;1635.69
2007-08-29;1635.69
2007-08-28;1635.69
2007-08-27;1635.69
2007-08-24;1634.01
2007-08-23;1634.01
2007-08-22;1632.99
2007-08-21;1606.62
2007-08-20;1606.62
2007-08-17;1606.62
2007-08-16;1599.39
2007-08-15;1599.39
2007-08-14;1599.39
2007-08-13;1599.39
2007-08-10;1599.39
2007-08-09;1599.39
2007-08-08;1599.39
2007-08-07;1599.39
2007-08-06;1599.39
2007-08-03;1599.39
2007-08-02;1599.39
2007-08-01;1599.39
2007-07-31;1599.39
2007-07-30;1599.39
2007-07-27;1599.39
2007-07-26;1599.39
2007-07-25;1599.39
2007-07-24;1599.39
2007-07-23;1599.39
2007-07-20;1599.39
2007-07-19;1599.39
2007-07-18;1599.39
2007-07-17;1599.39
2007-07-16;1599.39
2007-07-13;1599.39
2007-07-12;1599.39
2007-07-11;1599.39
2007-07-10;1599.39
2007-07-09;1599.39
2007-07-06;1599.39
2007-07-05;1599.39
2007-07-04;1599.39
2007-07-03;1599.39
2007-07-02;1599.39
2007-06-29;1599.39
2007-06-28;1599.39
2007-06-27;1599.39
2007-06-26;1599.39
2007-06-25;1599.39
2007-06-22;1599.39
2007-06-21;1599.39
2007-06-20;1599.39
2007-06-19;1599.39
2007-06-18;1599.39
2007-06-15;1599.39
2007-06-14;1599.39
2007-06-13;1599.39
2007-06-09;1594.1
2007-06-08;1587.66
2007-06-07;1587.66
2007-06-06;1587.66
2007-06-05;1587.66
2007-06-04;1587.66
2007-06-01;1587.66
2007-05-31;1570.34
2007-05-30;1516.09
2007-05-29;1516.09
2007-05-28;1516.09
2007-05-25;1516.09
2007-05-24;1516.09
2007-05-23;1516.09
2007-05-22;1516.09
2007-05-21;1516.09
2007-05-18;1516.09
2007-05-17;1516.09
2007-05-16;1516.09
2007-05-15;1516.09
2007-05-14;1516.09
2007-05-11;1516.09
2007-05-10;1516.09
2007-05-08;1516.09
2007-05-07;1516.09
2007-05-04;1516.09
2007-05-03;1516.09
2007-05-02;1516.09
2007-04-28;1516.09
2007-04-27;1516.09
2007-04-26;1516.09
2007-04-25;1516.09
2007-04-24;1516.09
2007-04-23;1516.09
2007-04-20;1516.09
2007-04-19;1516.09
2007-04-18;1516.09
2007-04-17;1516.09
2007-04-16;1516.09
2007-04-13;1516.09
2007-04-12;1516.09
2007-04-11;1516.09
2007-04-10;1516.09
2007-04-09;1516.09
2007-04-06;1516.09
2007-04-05;1516.09
2007-04-04;1516.09
2007-04-03;1516.09
2007-04-02;1516.09
2007-03-30;1516.09
2007-03-29;1516.09
2007-03-28;1516.09
2007-03-27;1516.09
2007-03-26;1516.09
2007-03-23;1516.09
2007-03-22;1516.09
2007-03-21;1516.09
2007-03-20;1516.09
2007-03-19;1516.09
2007-03-16;1516.09
2007-03-15;1516.09
2007-03-14;1516.09
2007-03-13;1516.09
2007-03-12;1516.09
2007-03-09;1516.09
2007-03-07;1516.09
2007-03-06;1516.09
2007-03-05;1516.09
2007-03-02;1524.79
2007-03-01;1538.98
2007-02-28;1538.98
2007-02-27;1538.98
2007-02-26;1538.98
2007-02-22;1538.98
2007-02-21;1538.98
2007-02-20;1538.98
2007-02-19;1538.98
2007-02-16;1538.98
2007-02-15;1538.98
2007-02-14;1538.98
2007-02-13;1538.98
2007-02-12;1538.98
2007-02-09;1538.98
2007-02-08;1538.98
2007-02-07;1538.98
2007-02-06;1538.98
2007-02-05;1538.98
2007-02-02;1538.98
2007-02-01;1538.98
2007-01-31;1538.98
2007-01-30;1538.98
2007-01-29;1538.98
2007-01-26;1538.98
2007-01-25;1538.98
2007-01-24;1538.98
2007-01-23;1538.98
2007-01-22;1538.98
2007-01-19;1538.98
2007-01-18;1538.98
2007-01-17;1538.98
2007-01-16;1538.98
2007-01-15;1538.98
2007-01-12;1538.98
2007-01-11;1538.98
2007-01-10;1538.98
2007-01-09;1538.98
2006-12-29;1538.98
2006-12-28;1538.98
2006-12-27;1538.98
2006-12-26;1538.98
2006-12-25;1538.98
2006-12-22;1538.98
2006-12-21;1538.98
2006-12-20;1538.98
2006-12-19;1538.98
2006-12-18;1538.98
2006-12-15;1538.98
2006-12-14;1538.98
2006-12-13;1538.98
2006-12-12;1538.98
2006-12-11;1538.98
2006-12-08;1538.98
2006-12-07;1538.98
2006-12-06;1538.98
2006-12-05;1538.98
2006-12-04;1538.98
2006-12-01;1538.98
2006-11-30;1550.04
2006-11-29;1546.95
2006-11-28;1521.11
2006-11-27;1518.79
2006-11-24;1518.06
2006-11-23;1516.67
2006-11-22;1502.53
2006-11-21;1502.53
2006-11-20;1490.58
2006-11-17;1490.58
2006-11-16;1490.58
2006-11-15;1490.58
2006-11-14;1490.58
2006-11-13;1490.58
2006-11-10;1490.58
2006-11-09;1490.58
2006-11-08;1477.37
2006-11-07;1477.37
2006-11-03;1452.72
2006-11-02;1435.21
2006-11-01;1435.21
2006-10-31;1426.86
2006-10-30;1403.65
2006-10-27;1403.65
2006-10-26;1403.65
2006-10-25;1403.65
2006-10-24;1403.65
2006-10-23;1403.65
2006-10-20;1403.65
2006-10-19;1403.65
2006-10-18;1403.65
2006-10-17;1403.65
2006-10-16;1403.65
2006-10-13;1403.65
2006-10-12;1403.65
2006-10-11;1403.65
2006-10-10;1403.65
2006-10-09;1403.65
2006-10-06;1374.71
2006-10-05;1374.71
2006-10-04;1338.27
2006-10-03;1334.56
2006-10-02;1334.56
2006-09-29;1334.56
2006-09-28;1334.56
2006-09-27;1333.55
2006-09-26;1305.77
2006-09-25;1255.48
2006-09-22;1255.48
2006-09-21;1255.48
2006-09-20;1255.48
2006-09-19;1255.48
2006-09-18;1255.48
2006-09-15;1255.48
2006-09-14;1255.48
2006-09-13;1255.48
2006-09-12;1255.48
2006-09-11;1255.48
2006-09-08;1255.48
2006-09-07;1255.48
2006-09-06;1255.48
2006-09-05;1255.48
2006-09-04;1255.48
2006-09-01;1255.48
2006-08-31;1255.48
2006-08-30;1255.48
2006-08-29;1255.48
2006-08-28;1255.48
2006-08-25;1255.48
2006-08-24;1255.48
2006-08-23;1255.48
2006-08-22;1255.48
2006-08-21;1255.48
2006-08-18;1255.48
2006-08-17;1255.48
2006-08-16;1255.48
2006-08-15;1255.48
2006-08-14;1255.48
2006-08-11;1255.48
2006-08-10;1255.48
2006-08-09;1255.48
2006-08-08;1255.48
2006-08-07;1255.48
2006-08-04;1255.48
2006-08-03;1255.48
2006-08-02;1255.48
2006-08-01;1255.48
2006-07-31;1255.48
2006-07-28;1255.48
2006-07-27;1255.48
2006-07-26;1255.48
2006-07-25;1255.48
2006-07-24;1255.48
2006-07-21;1255.48
2006-07-20;1255.48
2006-07-19;1255.48
2006-07-18;1255.48
2006-07-17;1255.48
2006-07-14;1255.48
2006-07-13;1255.48
2006-07-12;1255.48
2006-07-11;1255.48
2006-07-10;1255.48
2006-07-07;1255.48
2006-07-06;1255.48
2006-07-05;1255.48
2006-07-04;1255.48
2006-07-03;1277.19
2006-06-30;1277.19
2006-06-29;1277.19
2006-06-28;1270.2
2006-06-27;1247.75
2006-06-26;1202.89
2006-06-23;1198.03
2006-06-22;1193.02
2006-06-21;1193.02
2006-06-20;1193.02
2006-06-19;1193.02
2006-06-16;1180.55
2006-06-15;1180.55
2006-06-14;1149.34
2006-06-13;1082.25
2006-06-09;1082.25
2006-06-08;1082.25
2006-06-07;1082.25
2006-06-06;1082.25
2006-06-05;1082.25
2006-06-02;1082.25
2006-06-01;1082.25
2006-05-31;1082.25
2006-05-30;1082.25
2006-05-29;1082.25
2006-05-26;1082.25
2006-05-25;1082.25
2006-05-24;1082.25
2006-05-23;1082.25
2006-05-22;1082.25
2006-05-19;1082.25
2006-05-18;1082.25
2006-05-17;1082.25
2006-05-16;1082.25
2006-05-15;1082.25
2006-05-12;1082.25
2006-05-11;1082.25
2006-05-10;1082.25
2006-05-06;1082.25
2006-05-05;1082.25
2006-05-04;1082.25
2006-05-03;1082.25
2006-05-02;1082.25
2006-04-28;1082.25
2006-04-27;1082.25
2006-04-26;1082.25
2006-04-25;1082.25
2006-04-24;1082.25
2006-04-21;1082.25
2006-04-20;1082.25
2006-04-19;1082.25
2006-04-18;1082.25
2006-04-17;1082.25
2006-04-14;1082.25
2006-04-13;1082.25
2006-04-12;1082.25
2006-04-11;1082.25
2006-04-10;1082.25
2006-04-07;1082.25
2006-04-06;1082.25
2006-04-05;1082.25
2006-04-04;1082.25
2006-04-03;1082.25
2006-03-31;1082.25
2006-03-30;1082.25
2006-03-29;1082.25
2006-03-28;1082.25
2006-03-27;1082.25
2006-03-24;1082.25
2006-03-23;1082.25
2006-03-22;1082.25
2006-03-21;1082.25
2006-03-20;1082.25
2006-03-17;1082.25
2006-03-16;1143.76
2006-03-15;1143.76
2006-03-14;1143.76
2006-03-13;1143.76
2006-03-10;1143.76
2006-03-09;1143.76
2006-03-07;1143.76
2006-03-06;1143.76
2006-03-03;1143.76
2006-03-02;1143.76
2006-03-01;1143.76
2006-02-28;1143.76
2006-02-27;1143.76
2006-02-26;1143.76
2006-02-22;1143.76
2006-02-21;1232.77
2006-02-20;1232.77
2006-02-17;1232.77
2006-02-16;1232.77
2006-02-15;1232.77
2006-02-14;1232.77
2006-02-13;1232.77
2006-02-10;1229.37
2006-02-09;1229.37
2006-02-08;1205.05
2006-02-07;1186.08
2006-02-06;1186.08
2006-02-03;1163.75
2006-02-02;1163.75
2006-02-01;1163.75
2006-01-31;1163.75
2006-01-30;1163.75
2006-01-27;1163.75
2006-01-26;1163.75
2006-01-25;1163.75
2006-01-24;1163.4
2006-01-23;1144.1
2006-01-20;1144.1
2006-01-19;1144.1
2006-01-18;1103.71
2006-01-17;1103.71
2006-01-16;1103.71
2006-01-13;1103.71
2006-01-12;1103.71
2006-01-11;1088.03
2006-01-10;1064.91
2005-12-30;1011.0
2005-12-29;1010.11
2005-12-28;1004.57
2005-12-27;1004.57
2005-12-26;1004.57
2005-12-23;1004.57
2005-12-22;1004.57
2005-12-21;1001.79
2005-12-20;995.79
2005-12-19;995.79
2005-12-16;995.79
2005-12-15;993.43
2005-12-14;993.43
2005-12-13;993.43
2005-12-12;993.43
2005-12-09;993.43
2005-12-08;993.43
2005-12-07;991.76
2005-12-06;983.36
2005-12-05;983.36
2005-12-02;983.36
2005-12-01;970.34
2005-11-30;944.55
2005-11-29;937.65
2005-11-28;937.65
2005-11-25;937.65
2005-11-24;931.48
2005-11-23;920.52
2005-11-22;920.52
2005-11-21;920.52
2005-11-18;920.52
2005-11-17;920.52
2005-11-16;905.86
2005-11-15;904.86
2005-11-14;903.94
2005-11-11;880.31
2005-11-10;874.53
2005-11-09;874.53
2005-11-08;874.53
2005-11-07;874.53
2005-11-03;874.53
2005-11-02;873.34
2005-11-01;844.43
2005-10-31;842.52
2005-10-28;818.64
2005-10-27;800.31
2005-10-26;800.31
2005-10-25;800.31
2005-10-24;800.31
2005-10-21;797.95
2005-10-20;791.2
2005-10-19;786.56
2005-10-18;786.56
2005-10-17;786.56
2005-10-14;786.56
2005-10-13;786.56
2005-10-12;786.56
2005-10-11;786.56
2005-10-10;786.56
2005-10-07;786.56
2005-10-06;786.56
2005-10-05;786.56
2005-10-04;786.56
2005-10-03;786.56
2005-09-30;786.56
2005-09-29;786.56
2005-09-28;786.56
2005-09-27;786.56
2005-09-26;786.56
2005-09-23;786.56
2005-09-22;786.56
2005-09-21;786.56
2005-09-20;786.56
2005-09-19;786.56
2005-09-16;786.56
2005-09-15;786.56
2005-09-14;786.56
2005-09-13;786.26
2005-09-12;786.26
2005-09-09;786.26
2005-09-08;773.61
2005-09-07;758.01
2005-09-06;758.01
2005-09-05;758.01
2005-09-02;758.01
2005-09-01;758.01
2005-08-31;758.01
2005-08-30;758.01
2005-08-29;758.01
2005-08-26;758.01
2005-08-25;758.01
2005-08-24;758.01
2005-08-23;758.01
2005-08-22;758.01
2005-08-19;755.98
2005-08-18;743.99
2005-08-17;743.99
2005-08-16;738.15
2005-08-15;714.42
2005-08-12;705.08
2005-08-11;705.08
2005-08-10;705.08
2005-08-09;705.08
2005-08-08;705.08
2005-08-05;705.08
2005-08-04;705.08
2005-08-03;697.87
2005-08-02;697.87
2005-08-01;697.87
2005-07-29;697.87
2005-07-28;697.87
2005-07-27;697.27
2005-07-26;692.01
2005-07-25;692.01
2005-07-22;692.01
2005-07-21;684.82
2005-07-20;684.82
2005-07-19;679.66
2005-07-18;670.44
2005-07-15;670.44
2005-07-14;670.44
2005-07-13;670.44
2005-07-12;670.44
2005-07-11;670.44
2005-07-08;670.44
2005-07-07;670.44
2005-07-06;670.44
2005-07-05;652.53
2005-07-04;652.53
2005-07-01;649.08
2005-06-30;639.98
2005-06-29;630.27
2005-06-28;629.27
2005-06-27;628.38
2005-06-24;628.38
2005-06-23;628.38
2005-06-22;628.26
2005-06-21;621.02
2005-06-20;621.02
2005-06-17;621.02
2005-06-16;618.93
2005-06-15;616.69
2005-06-14;616.69
2005-06-10;611.19
2005-06-09;605.43
2005-06-08;605.43
2005-06-07;605.43
2005-06-06;605.43
2005-06-03;605.43
2005-06-02;605.43
2005-06-01;601.29
2005-05-31;601.29
2005-05-30;596.15
2005-05-27;596.15
2005-05-26;596.15
2005-05-25;595.75
2005-05-24;595.75
2005-05-23;587.07
2005-05-20;585.68
2005-05-19;585.68
2005-05-18;585.68
2005-05-17;585.68
2005-05-16;564.43
2005-05-14;564.43
2005-05-13;564.43
2005-05-12;564.43
2005-05-11;564.43
2005-05-06;564.43
2005-05-05;564.43
2005-05-04;564.43
2005-05-03;564.43
2005-04-29;564.43
2005-04-28;564.43
2005-04-27;564.43
2005-04-26;564.43
2005-04-25;564.43
2005-04-22;564.43
2005-04-21;564.43
2005-04-20;564.43
2005-04-19;564.43
2005-04-18;564.43
2005-04-15;564.43
2005-04-14;564.43
2005-04-13;564.43
2005-04-12;564.43
2005-04-11;564.43
2005-04-08;564.43
2005-04-07;564.43
2005-04-06;564.43
2005-04-05;564.43
2005-04-04;564.43
2005-04-01;564.43
2005-03-31;564.43
2005-03-30;564.43
2005-03-29;564.43
2005-03-28;564.43
2005-03-25;564.43
2005-03-24;564.43
2005-03-23;564.43
2005-03-22;564.43
2005-03-21;564.43
2005-03-18;564.43
2005-03-17;564.43
2005-03-16;564.43
2005-03-15;564.43
2005-03-14;564.43
2005-03-11;564.43
2005-03-10;564.43
2005-03-09;564.43
2005-03-05;564.43
2005-03-04;564.43
2005-03-03;564.43
2005-03-02;564.43
2005-03-01;564.43
2005-02-28;564.43
2005-02-25;564.43
2005-02-24;564.43
2005-02-22;564.43
2005-02-21;564.43
2005-02-18;564.43
2005-02-17;564.43
2005-02-16;564.43
2005-02-15;572.03
2005-02-14;572.03
2005-02-11;572.03
2005-02-10;572.03
2005-02-09;572.03
2005-02-08;572.03
2005-02-07;572.03
2005-02-04;572.03
2005-02-03;572.03
2005-02-02;572.03
2005-02-01;572.03
2005-01-31;572.03
2005-01-28;571.65
2005-01-27;557.13
2005-01-26;552.68
2005-01-25;552.68
2005-01-24;548.23
2005-01-21;537.72
2005-01-20;534.6
2005-01-19;534.6
2005-01-18;534.6
2005-01-17;534.6
2005-01-14;534.6
2005-01-13;534.6
2005-01-12;534.6
2005-01-11;534.6
2004-12-30;534.6
2004-12-29;534.6
2004-12-28;534.6
2004-12-27;534.6
2004-12-24;534.6
2004-12-23;534.6
2004-12-22;531.36
2004-12-21;531.36
2004-12-20;512.25
2004-12-17;496.59
2004-12-16;496.59
2004-12-15;496.59
2004-12-14;496.59
2004-12-10;495.24
2004-12-09;495.24
2004-12-08;495.24
2004-12-07;495.24
2004-12-06;495.24
2004-12-03;495.24
2004-12-02;495.24
2004-12-01;495.24
2004-11-30;495.24
2004-11-29;495.24
2004-11-26;495.24
2004-11-25;495.24
2004-11-24;495.24
2004-11-23;495.24
2004-11-22;495.24
2004-11-19;495.24
2004-11-18;495.24
2004-11-17;495.24
2004-11-16;495.24
2004-11-15;495.24
2004-11-12;495.24
2004-11-11;495.24
2004-11-10;495.24
2004-11-09;495.24
2004-11-05;495.24
2004-11-04;495.24
2004-11-03;495.24
2004-11-02;495.24
2004-11-01;495.24
2004-10-29;495.24
2004-10-28;495.24
2004-10-27;495.24
2004-10-26;495.24
2004-10-25;495.24
2004-10-22;495.24
2004-10-21;495.24
2004-10-20;495.24
2004-10-19;495.24
2004-10-18;495.24
2004-10-15;495.24
2004-10-14;495.24
2004-10-13;495.24
2004-10-12;495.24
2004-10-11;495.24
2004-10-08;495.24
2004-10-07;495.24
2004-10-06;495.24
2004-10-05;495.24
2004-10-04;495.24
2004-10-01;495.24
2004-09-30;495.24
2004-09-29;495.24
2004-09-28;495.24
2004-09-27;495.24
2004-09-24;495.24
2004-09-23;495.24
2004-09-22;495.24
2004-09-21;495.24
2004-09-20;495.24
2004-09-17;495.24
2004-09-16;498.0
2004-09-15;520.39
2004-09-14;537.4
2004-09-13;537.4
2004-09-10;537.4
2004-09-09;550.96
2004-09-08;550.96
2004-09-07;560.87
2004-09-06;560.87
2004-09-03;557.59
2004-09-02;550.67
2004-09-01;550.43
2004-08-31;549.28
2004-08-30;538.88
2004-08-27;536.8
2004-08-26;527.72
2004-08-25;525.95
2004-08-24;519.71
2004-08-23;519.3
2004-08-20;515.09
2004-08-19;513.14
2004-08-18;505.14
2004-08-17;505.14
2004-08-16;505.14
2004-08-13;505.14
2004-08-12;500.82
2004-08-11;489.82
2004-08-10;489.82
2004-08-09;489.82
2004-08-06;489.82
2004-08-05;489.82
2004-08-04;489.82
2004-08-03;489.82
2004-08-02;489.82
2004-07-30;489.82
2004-07-29;482.19
2004-07-28;467.72
2004-07-27;467.72
2004-07-26;467.72
2004-07-23;467.72
2004-07-22;467.72
2004-07-21;467.72
2004-07-20;467.72
2004-07-19;467.72
2004-07-16;467.72
2004-07-15;467.72
2004-07-14;467.72
2004-07-13;467.72
2004-07-12;467.72
2004-07-09;467.72
2004-07-08;467.72
2004-07-07;467.72
2004-07-06;467.72
2004-07-05;467.72
2004-07-02;467.72
2004-07-01;467.72
2004-06-30;467.72
2004-06-29;467.72
2004-06-28;467.72
2004-06-25;467.72
2004-06-24;467.72
2004-06-23;467.72
2004-06-22;467.72
2004-06-21;467.72
2004-06-18;467.72
2004-06-17;467.72
2004-06-16;467.72
2004-06-15;467.72
2004-06-11;467.72
2004-06-10;467.72
2004-06-09;467.72
2004-06-08;467.72
2004-06-07;467.72
2004-06-04;467.72
2004-06-03;467.72
2004-06-02;467.72
2004-06-01;467.72
2004-05-31;467.72
2004-05-28;467.72
2004-05-27;467.72
2004-05-26;467.72
2004-05-25;467.72
2004-05-24;467.72
2004-05-21;467.72
2004-05-20;467.72
2004-05-19;467.72
2004-05-18;467.72
2004-05-17;467.72
2004-05-14;467.72
2004-05-13;467.72
2004-05-12;467.72
2004-05-11;467.72
2004-05-07;467.72
2004-05-06;467.72
2004-05-05;467.72
2004-04-30;467.72
2004-04-29;501.79
2004-04-28;507.07
2004-04-27;507.07
2004-04-26;507.07
2004-04-23;507.07
2004-04-22;507.07
2004-04-21;507.07
2004-04-20;507.07
2004-04-19;507.07
2004-04-16;507.07
2004-04-15;507.07
2004-04-14;507.07
2004-04-13;507.07
2004-04-12;507.07
2004-04-09;507.07
2004-04-08;507.07
2004-04-07;507.07
2004-04-06;507.07
2004-04-05;507.07
2004-04-02;507.07
2004-04-01;507.07
2004-03-31;507.07
2004-03-30;507.07
2004-03-29;507.07
2004-03-26;507.07
2004-03-25;507.07
2004-03-24;507.07
2004-03-23;507.07
2004-03-22;507.07
2004-03-19;507.07
2004-03-18;507.07
2004-03-17;512.99
2004-03-16;512.99
2004-03-15;512.99
2004-03-12;512.99
2004-03-11;512.99
2004-03-10;512.99
2004-03-09;512.99
2004-03-05;512.99
2004-03-04;512.99
2004-03-03;523.32
2004-03-02;523.32
2004-03-01;523.32
2004-02-27;523.32
2004-02-26;523.32
2004-02-25;523.32
2004-02-24;523.32
2004-02-20;523.32
2004-02-19;523.32
2004-02-18;523.32
2004-02-17;523.32
2004-02-16;523.32
2004-02-13;523.32
2004-02-12;523.32
2004-02-11;523.32
2004-02-10;545.79
2004-02-09;550.29
2004-02-06;549.09
2004-02-05;547.79
2004-02-04;547.79
2004-02-03;547.79
2004-02-02;542.56
2004-01-30;542.56
2004-01-29;542.56
2004-01-28;542.56
2004-01-27;542.56
2004-01-26;542.56
2004-01-23;542.56
2004-01-22;542.56
2004-01-21;542.56
2004-01-20;541.87
2004-01-19;539.17
2004-01-16;532.49
2004-01-15;523.81
2004-01-14;523.81
2004-01-13;523.81
2004-01-12;523.81
2004-01-09;523.81
2004-01-08;523.81
2004-01-06;523.81
2004-01-05;523.81
2003-12-30;514.71
2003-12-29;514.71
2003-12-26;514.71
2003-12-25;513.56
2003-12-24;511.65
2003-12-23;511.65
2003-12-22;511.65
2003-12-19;511.65
2003-12-18;509.94
2003-12-17;500.82
2003-12-16;497.54
2003-12-15;497.54
2003-12-11;497.54
2003-12-10;497.54
2003-12-09;497.54
2003-12-08;494.69
2003-12-05;494.42
2003-12-04;494.42
2003-12-03;494.42
2003-12-02;493.98
2003-12-01;484.21
2003-11-28;484.21
2003-11-27;484.21
2003-11-26;484.21
2003-11-25;480.71
2003-11-24;469.92
2003-11-21;455.32
2003-11-20;446.15
2003-11-19;429.26
2003-11-18;429.26
2003-11-17;429.26
2003-11-14;429.26
2003-11-13;429.26
2003-11-12;429.26
2003-11-11;429.26
2003-11-10;429.26
2003-11-06;429.26
2003-11-05;429.26
2003-11-04;429.26
2003-11-03;429.26
2003-10-31;429.26
2003-10-30;429.26
2003-10-29;429.26
2003-10-28;429.26
2003-10-27;429.26
2003-10-24;429.26
2003-10-23;429.26
2003-10-22;429.26
2003-10-21;429.26
2003-10-20;429.26
2003-10-17;429.26
2003-10-16;429.26
2003-10-15;429.26
2003-10-14;429.26
2003-10-13;429.26
2003-10-10;429.26
2003-10-09;429.26
2003-10-08;429.26
2003-10-07;429.26
2003-10-06;429.26
2003-10-03;429.26
2003-10-02;429.26
2003-10-01;429.26
2003-09-30;429.26
2003-09-29;429.26
2003-09-26;429.26
2003-09-25;429.26
2003-09-24;429.26
2003-09-23;429.26
2003-09-22;429.26
2003-09-19;429.26
2003-09-18;429.26
2003-09-17;429.26
2003-09-16;429.26
2003-09-15;429.26
2003-09-12;429.26
2003-09-11;429.26
2003-09-10;429.26
2003-09-09;429.26
2003-09-08;429.26
2003-09-05;429.26
2003-09-04;429.26
2003-09-03;429.26
2003-09-02;429.26
2003-09-01;429.26
2003-08-29;429.26
2003-08-28;429.26
2003-08-27;429.26
2003-08-26;441.18
2003-08-25;448.76
2003-08-22;448.76
2003-08-21;448.76
2003-08-20;448.76
2003-08-19;448.76
2003-08-18;448.76
2003-08-15;448.76
2003-08-14;448.76
2003-08-13;448.76
2003-08-12;447.28
2003-08-11;442.96
2003-08-08;433.47
2003-08-07;431.97
2003-08-06;431.9
2003-08-05;424.41
2003-08-04;421.65
2003-08-01;419.22
2003-07-31;419.22
2003-07-30;419.22
2003-07-29;417.07
2003-07-28;417.07
2003-07-25;417.07
2003-07-24;417.07
2003-07-23;413.98
2003-07-22;413.98
2003-07-21;410.13
2003-07-18;398.8
2003-07-17;391.93
2003-07-16;391.93
2003-07-15;391.93
2003-07-14;391.93
2003-07-11;391.93
2003-07-10;391.93
2003-07-09;391.93
2003-07-08;391.93
2003-07-07;391.93
2003-07-04;391.93
2003-07-03;391.93
2003-07-02;391.93
2003-07-01;391.93
2003-06-30;391.93
2003-06-27;391.93
2003-06-26;391.93
2003-06-25;391.93
2003-06-24;391.93
2003-06-23;391.93
2003-06-21;391.93
2003-06-20;391.93
2003-06-19;391.93
2003-06-18;391.93
2003-06-17;391.93
2003-06-16;391.93
2003-06-11;391.93
2003-06-10;391.93
2003-06-09;391.93
2003-06-06;391.93
2003-06-05;391.93
2003-06-04;391.93
2003-06-03;391.93
2003-06-02;391.93
2003-05-30;391.93
2003-05-29;391.93
2003-05-28;391.93
2003-05-27;391.93
2003-05-26;391.93
2003-05-23;391.93
2003-05-22;391.93
2003-05-21;391.93
2003-05-20;391.93
2003-05-19;391.93
2003-05-16;391.93
2003-05-15;391.8177
2003-05-14;387.036
2003-05-13;384.5603
2003-05-12;384.5603
2003-05-08;374.7912
2003-05-07;374.7912
2003-05-06;374.7912
2003-05-05;374.7912
2003-04-30;369.7732
2003-04-29;369.7732
2003-04-28;369.7732
2003-04-25;369.7732
2003-04-24;366.2109
2003-04-23;366.2109
2003-04-22;364.8854
2003-04-21;363.8913
2003-04-18;356.8144
2003-04-17;348.6139
2003-04-16;344.6319
2003-04-15;344.6319
2003-04-14;341.9885
2003-04-11;338.2112
2003-04-10;336.7642
2003-04-09;336.534
2003-04-08;336.534
2003-04-07;336.3039
2003-04-04;330.5303
2003-04-03;326.9442
2003-04-02;326.9442
2003-04-01;326.9442
2003-03-31;325.5564
2003-03-28;325.5564
2003-03-27;325.5564
2003-03-26;325.5564
2003-03-25;325.5564
2003-03-24;325.5564
2003-03-21;325.5564
2003-03-20;325.5564
2003-03-19;325.5564
2003-03-18;325.5564
2003-03-17;325.5564
2003-03-14;325.5564
2003-03-13;325.5564
2003-03-12;325.5564
2003-03-11;325.5564
2003-03-07;325.5564
2003-03-06;325.5564
2003-03-05;325.5564
2003-03-04;325.5564
2003-03-03;325.5564
2003-02-28;325.5564
2003-02-27;325.5564
2003-02-26;325.5564
2003-02-25;325.5564
2003-02-21;325.5564
2003-02-20;325.5564
2003-02-19;325.5564
2003-02-18;325.5564
2003-02-17;325.5564
2003-02-14;325.5564
2003-02-13;325.5564
2003-02-12;325.5564
2003-02-11;325.5564
2003-02-10;322.4145
2003-02-07;314.3422
2003-02-06;308.1832
2003-02-05;308.1832
2003-02-04;308.1832
2003-02-03;308.1832
2003-01-31;307.782
2003-01-30;307.782
2003-01-29;307.2241
2003-01-28;306.2035
2003-01-27;302.6514
2003-01-24;302.6514
2003-01-23;302.6514
2003-01-22;302.6514
2003-01-21;302.6514
2003-01-20;302.6514
2003-01-17;302.6514
2003-01-16;302.6514
2003-01-15;302.6514
2003-01-14;302.6514
2003-01-13;302.6514
2003-01-10;302.6514
2003-01-09;302.6514
2003-01-08;302.6514
2003-01-05;302.6514
2003-01-04;302.6514
2002-12-31;302.6514
2002-12-30;302.6514
2002-12-27;302.6514
2002-12-26;302.6514
2002-12-25;302.6514
2002-12-24;302.6514
2002-12-23;302.6514
2002-12-20;302.6514
2002-12-19;302.6514
2002-12-18;302.6514
2002-12-17;302.6514
2002-12-16;302.1785
2002-12-15;302.1785
2002-12-11;302.1785
2002-12-10;302.1785
2002-12-09;302.1785
2002-12-06;302.1785
2002-12-05;302.1785
2002-12-04;302.1785
2002-12-03;302.1785
2002-12-02;302.1785
2002-11-29;302.1785
2002-11-28;302.1785
2002-11-27;302.1785
2002-11-26;302.1785
2002-11-25;302.1785
2002-11-22;302.1785
2002-11-21;302.1785
2002-11-20;302.1785
2002-11-19;302.1785
2002-11-18;302.1785
2002-11-15;302.1785
2002-11-14;302.1785
2002-11-13;302.1785
2002-11-12;302.1785
2002-11-11;301.36
2002-11-10;300.07
2002-11-06;300.07
2002-11-05;300.07
2002-11-04;300.07
2002-11-01;300.07
2002-10-31;300.07
2002-10-30;300.07
2002-10-29;300.07
2002-10-28;300.07
2002-10-25;300.06
2002-10-24;300.06
2002-10-23;300.06
2002-10-22;300.06
2002-10-21;300.06
2002-10-18;300.06
2002-10-17;300.06
2002-10-16;300.06
2002-10-15;300.06
2002-10-14;296.95
2002-10-11;296.95
2002-10-10;296.95
2002-10-09;296.95
2002-10-08;296.95
2002-10-07;296.95
2002-10-04;296.95
2002-10-03;296.95
2002-10-02;295.33
2002-10-01;288.83
2002-09-30;288.83
2002-09-27;288.83
2002-09-26;288.83
2002-09-25;288.83
2002-09-24;288.83
2002-09-23;288.83
2002-09-20;285.39
2002-09-19;282.5
2002-09-18;282.5
2002-09-17;282.5
2002-09-16;282.5
2002-09-13;282.5
2002-09-12;282.5
2002-09-11;282.5
2002-09-10;282.5
2002-09-09;282.5
2002-09-06;282.5
2002-09-05;282.5
2002-09-04;282.5
2002-09-03;282.5
2002-09-02;282.5
2002-08-30;282.5
2002-08-29;282.5
2002-08-28;282.5
2002-08-27;282.5
2002-08-26;282.5
2002-08-23;282.5
2002-08-22;282.5
2002-08-21;282.5
2002-08-20;282.5
2002-08-19;282.5
2002-08-16;282.5
2002-08-15;282.5
2002-08-14;282.5
2002-08-13;282.5
2002-08-12;282.5
2002-08-09;282.5
2002-08-08;282.5
2002-08-07;280.95
2002-08-06;269.55
2002-08-05;269.55
2002-08-02;269.55
2002-08-01;269.55
2002-07-31;269.55
2002-07-30;269.55
2002-07-29;269.55
2002-07-26;269.55
2002-07-25;269.55
2002-07-24;269.55
2002-07-23;269.55
2002-07-22;269.55
2002-07-19;269.55
2002-07-18;269.55
2002-07-17;269.55
2002-07-16;269.55
2002-07-15;269.55
2002-07-12;269.55
2002-07-11;269.55
2002-07-10;269.55
2002-07-09;269.55
2002-07-08;269.55
2002-07-05;269.55
2002-07-04;269.55
2002-07-03;269.55
2002-07-02;269.55
2002-07-01;269.55
2002-06-28;269.55
2002-06-27;269.55
2002-06-26;269.55
2002-06-25;269.55
2002-06-24;269.55
2002-06-21;269.55
2002-06-20;269.55
2002-06-19;269.55
2002-06-18;269.55
2002-06-17;269.55
2002-06-14;269.55
2002-06-13;269.55
2002-06-11;269.55
2002-06-10;269.55
2002-06-07;269.55
2002-06-06;269.55
2002-06-05;269.55
2002-06-04;269.55
2002-06-03;269.55
2002-05-31;269.55
2002-05-30;269.55
2002-05-29;269.55
2002-05-27;269.55
2002-05-24;269.55
2002-05-23;269.55
2002-05-22;269.55
2002-05-21;269.55
2002-05-20;269.55
2002-05-18;269.55
2002-05-17;269.55
2002-05-16;269.55
2002-05-15;269.55
2002-05-14;269.55
2002-05-13;272.21
2002-05-08;275.42
2002-05-07;275.42
2002-05-06;275.42
2002-04-30;275.42
2002-04-29;275.42
2002-04-27;275.42
2002-04-26;285.93
2002-04-25;285.98
2002-04-24;290.47
2002-04-23;290.47
2002-04-22;290.47
2002-04-19;290.47
2002-04-18;290.47
2002-04-17;290.47
2002-04-16;290.47
2002-04-15;290.47
2002-04-12;290.47
2002-04-11;290.47
2002-04-10;290.47
2002-04-09;290.47
2002-04-08;290.47
2002-04-05;290.47
2002-04-04;290.47
2002-04-03;290.47
2002-04-02;290.47
2002-04-01;290.47
2002-03-29;290.47
2002-03-28;290.47
2002-03-27;292.36
2002-03-26;286.03
2002-03-25;286.03
2002-03-22;286.03
2002-03-21;286.03
2002-03-20;286.03
2002-03-19;286.03
2002-03-18;286.03
2002-03-15;286.03
2002-03-14;281.34
2002-03-13;278.42
2002-03-12;274.83
2002-03-11;274.83
2002-03-07;274.83
2002-03-06;274.39
2002-03-05;274.39
2002-03-04;274.39
2002-03-01;270.04
2002-02-28;262.65
2002-02-27;262.65
2002-02-26;262.65
2002-02-22;262.55
2002-02-21;255.34
2002-02-20;250.71
2002-02-19;250.71
2002-02-18;250.71
2002-02-15;250.71
2002-02-14;250.71
2002-02-13;250.71
2002-02-12;250.71
2002-02-11;250.71
2002-02-08;250.71
2002-02-07;250.71
2002-02-06;250.71
2002-02-05;250.71
2002-02-04;250.71
2002-02-01;250.71
2002-01-31;250.71
2002-01-30;250.71
2002-01-29;250.71
2002-01-28;250.71
2002-01-25;250.71
2002-01-24;250.71
2002-01-23;250.71
2002-01-22;250.71
2002-01-21;250.71
2002-01-18;250.71
2002-01-17;250.71
2002-01-16;250.71
2002-01-15;250.71
2002-01-14;250.71
2002-01-11;250.71
2002-01-10;250.71
2002-01-09;250.71
2002-01-08;250.71
2002-01-04;250.71
2002-01-03;246.79
2001-12-29;237.63
2001-12-28;236.24
2001-12-27;233.35
2001-12-26;230.66
2001-12-25;230.66
2001-12-24;230.66
2001-12-21;228.05
2001-12-20;228.05
2001-12-19;225.85
2001-12-18;222.57
2001-12-17;220.51
2001-12-14;215.03
2001-12-13;215.03
2001-12-11;215.03
2001-12-10;215.03
2001-12-07;215.03
2001-12-06;215.03
2001-12-05;215.03
2001-12-04;215.03
2001-12-03;212.41
2001-11-30;212.41
2001-11-29;209.03
2001-11-28;209.03
2001-11-27;209.03
2001-11-26;209.03
2001-11-23;209.03
2001-11-22;209.03
2001-11-21;207.96
2001-11-20;207.96
2001-11-19;206.05
2001-11-16;201.58
2001-11-15;201.58
2001-11-14;201.58
2001-11-13;201.58
2001-11-12;201.58
2001-11-09;201.58
2001-11-08;197.35
2001-11-06;191.78
2001-11-05;191.78
2001-11-02;190.04
2001-11-01;188.78
2001-10-31;187.41
2001-10-30;186.09
2001-10-29;182.61
2001-10-26;180.96
2001-10-25;180.78
2001-10-24;180.78
2001-10-23;179.3
2001-10-22;177.04
2001-10-19;172.71
2001-10-18;172.71
2001-10-17;172.71
2001-10-16;172.71
2001-10-15;171.38
2001-10-12;171.38
2001-10-11;171.38
2001-10-10;166.56
2001-10-09;161.83
2001-10-08;158.34
2001-10-05;158.34
2001-10-04;158.34
2001-10-03;158.34
2001-10-02;158.34
2001-10-01;158.34
2001-09-28;158.34
2001-09-27;158.34
2001-09-26;158.34
2001-09-25;158.34
2001-09-24;158.34
2001-09-21;158.34
2001-09-20;158.34
2001-09-19;158.34
2001-09-18;158.34
2001-09-17;158.34
2001-09-14;158.34
2001-09-13;158.34
2001-09-12;158.34
2001-09-11;158.34
2001-09-10;158.34
2001-09-07;158.34
2001-09-06;158.34
2001-09-05;158.34
2001-09-04;158.34
2001-09-03;158.34
2001-08-31;158.34
2001-08-30;158.34
2001-08-29;158.34
2001-08-28;158.34
2001-08-27;158.34
2001-08-24;158.34
2001-08-23;158.34
2001-08-22;158.34
2001-08-21;158.34
2001-08-20;158.34
2001-08-17;158.34
2001-08-16;158.34
2001-08-15;158.34
2001-08-14;158.34
2001-08-13;158.34
2001-08-10;158.34
2001-08-09;158.34
2001-08-08;158.34
2001-08-07;158.34
2001-08-06;158.34
2001-08-03;158.34
2001-08-02;158.34
2001-08-01;158.34
2001-07-31;158.34
2001-07-30;158.34
2001-07-27;158.34
2001-07-26;158.34
2001-07-25;158.34
2001-07-24;158.34
2001-07-23;158.34
2001-07-20;158.34
2001-07-19;158.34
2001-07-18;158.34
2001-07-17;158.34
2001-07-16;160.04
2001-07-13;160.1
2001-07-12;160.1
2001-07-11;164.86
2001-07-10;165.44
2001-07-09;165.44
2001-07-06;165.44
2001-07-05;167.48
2001-07-04;168.51
2001-07-03;174.86
2001-07-02;174.86
2001-06-29;177.3
2001-06-28;177.3
2001-06-27;177.3
2001-06-26;177.3
2001-06-25;182.54
2001-06-22;185.02
2001-06-21;185.02
2001-06-20;185.92
2001-06-19;185.92
2001-06-18;185.92
2001-06-15;185.92
2001-06-14;185.92
2001-06-13;185.92
2001-06-09;185.92
2001-06-08;185.92
2001-06-07;185.92
2001-06-06;185.92
2001-06-05;185.92
2001-06-04;185.92
2001-06-01;185.92
2001-05-31;185.92
2001-05-30;185.92
2001-05-29;185.92
2001-05-28;185.92
2001-05-25;186.11
2001-05-24;186.11
2001-05-23;188.92
2001-05-22;188.92
2001-05-21;188.92
2001-05-18;188.92
2001-05-17;188.92
2001-05-16;188.88
2001-05-15;188.7
2001-05-14;187.61
2001-05-11;187.61
2001-05-10;187.61
2001-05-08;187.61
2001-05-07;184.81
2001-05-04;181.1
2001-05-03;181.1
2001-04-28;178.29
2001-04-27;177.31
2001-04-26;173.47
2001-04-25;168.78
2001-04-24;168.78
2001-04-23;167.18
2001-04-20;167.18
2001-04-19;167.18
2001-04-18;167.18
2001-04-17;165.27
2001-04-16;165.27
2001-04-13;165.27
2001-04-12;165.27
2001-04-11;165.27
2001-04-10;165.27
2001-04-09;163.76
2001-04-06;163.76
2001-04-05;163.76
2001-04-04;156.29
2001-04-03;156.29
2001-04-02;156.29
2001-03-30;156.29
2001-03-29;156.29
2001-03-28;156.29
2001-03-27;156.29
2001-03-26;156.29
2001-03-23;156.29
2001-03-22;156.29
2001-03-21;156.29
2001-03-20;156.29
2001-03-19;156.29
2001-03-16;156.29
2001-03-15;156.29
2001-03-14;156.29
2001-03-13;156.29
2001-03-12;156.29
2001-03-11;156.29
2001-03-07;156.29
2001-03-06;156.29
2001-03-05;156.29
2001-03-02;156.29
2001-03-01;155.42
2001-02-28;155.42
2001-02-27;155.42
2001-02-26;155.42
2001-02-23;155.42
2001-02-22;155.42
2001-02-21;155.42
2001-02-20;155.42
2001-02-19;155.42
2001-02-16;155.42
2001-02-15;155.42
2001-02-14;155.42
2001-02-13;155.42
2001-02-12;155.42
2001-02-09;155.42
2001-02-08;155.42
2001-02-07;155.42
2001-02-06;155.42
2001-02-05;155.42
2001-02-02;155.42
2001-02-01;155.42
2001-01-31;155.42
2001-01-30;155.42
2001-01-29;155.42
2001-01-26;155.42
2001-01-25;155.42
2001-01-24;155.42
2001-01-23;155.42
2001-01-22;155.42
2001-01-19;155.42
2001-01-18;155.42
2001-01-17;155.42
2001-01-16;155.42
2001-01-15;155.42
2001-01-12;155.42
2001-01-11;155.42
2001-01-10;155.42
2001-01-09;150.89
2001-01-05;148.96
2001-01-04;145.36
2001-01-03;135.73
2000-12-28;135.73
2000-12-27;135.73
2000-12-26;135.73
2000-12-25;135.73
2000-12-22;135.73
2000-12-21;130.96
2000-12-20;130.96
2000-12-19;130.96
2000-12-18;130.96
2000-12-15;130.96
2000-12-14;130.96
2000-12-13;130.96
2000-12-09;130.96
2000-12-08;130.96
2000-12-07;130.96
2000-12-06;130.96
2000-12-05;130.96
2000-12-04;130.96
2000-12-01;130.96
2000-11-30;130.96
2000-11-29;130.96
2000-11-28;130.96
2000-11-27;130.96
2000-11-24;130.96
2000-11-23;130.96
2000-11-22;130.96
2000-11-21;130.96
2000-11-20;130.96
2000-11-17;130.96
2000-11-16;130.96
2000-11-15;130.96
2000-11-14;130.96
2000-11-13;130.96
2000-11-10;130.96
2000-11-09;130.96
2000-11-08;130.96
2000-11-04;130.96
2000-11-03;130.96
2000-11-02;130.96
2000-11-01;130.96
2000-10-31;130.96
2000-10-30;130.96
2000-10-27;130.96
2000-10-26;130.96
2000-10-25;130.96
2000-10-24;130.96
2000-10-23;130.96
2000-10-20;130.96
2000-10-19;130.96
2000-10-18;130.96
2000-10-17;130.96
2000-10-16;130.96
2000-10-13;130.96
2000-10-12;130.96
2000-10-11;130.96
2000-10-10;130.96
2000-10-09;130.96
2000-10-06;130.96
2000-10-05;130.96
2000-10-04;130.96
2000-10-03;130.96
2000-10-02;130.96
2000-09-29;130.96
2000-09-28;130.96
2000-09-27;130.96
2000-09-26;135.21
2000-09-25;138.65
2000-09-22;138.65
2000-09-21;138.65
2000-09-20;141.71
2000-09-19;141.71
2000-09-18;141.71
2000-09-15;141.71
2000-09-14;141.71
2000-09-13;141.71
2000-09-12;141.71
2000-09-11;141.71
2000-09-08;142.47
2000-09-07;149.84
2000-09-06;160.91
2000-09-05;165.1
2000-09-04;165.26
2000-09-01;165.26
2000-08-31;165.26
2000-08-30;166.01
2000-08-29;173.06
2000-08-28;174.47
2000-08-25;174.47
2000-08-24;174.47
2000-08-23;174.47
2000-08-22;174.47
2000-08-21;174.47
2000-08-18;178.52
2000-08-17;178.52
2000-08-16;184.73
2000-08-15;189.84
2000-08-14;189.84
2000-08-11;189.84
2000-08-10;189.84
2000-08-09;189.84
2000-08-08;189.84
2000-08-07;189.84
2000-08-04;189.84
2000-08-03;189.84
2000-08-02;189.84
2000-08-01;189.84
2000-07-31;189.84
2000-07-28;189.84
2000-07-27;189.84
2000-07-26;189.84
2000-07-25;189.84
2000-07-24;189.84
2000-07-21;189.84
2000-07-20;189.84
2000-07-19;189.84
2000-07-18;189.84
2000-07-17;189.84
2000-07-14;189.84
2000-07-13;189.84
2000-07-12;189.84
2000-07-11;189.24
2000-07-10;189.24
2000-07-07;189.24
2000-07-06;188.37
2000-07-05;188.37
2000-07-04;188.37
2000-07-03;188.37
2000-06-30;188.37
2000-06-29;188.37
2000-06-28;188.37
2000-06-27;188.37
2000-06-26;188.37
2000-06-23;188.37
2000-06-22;188.37
2000-06-21;188.37
2000-06-20;188.37
2000-06-19;188.37
2000-06-16;188.37
2000-06-15;188.37
2000-06-14;188.37
2000-06-13;188.37
2000-06-09;188.37
2000-06-08;188.37
2000-06-07;188.37
2000-06-06;188.37
2000-06-05;188.37
2000-06-02;188.37
2000-06-01;188.37
2000-05-31;188.37
2000-05-30;188.37
2000-05-29;188.37
2000-05-26;188.37
2000-05-25;188.37
2000-05-24;188.37
2000-05-23;188.37
2000-05-22;188.37
2000-05-19;188.37
2000-05-18;188.37
2000-05-17;188.37
2000-05-16;188.37
2000-05-15;188.37
2000-05-12;188.37
2000-05-11;188.37
2000-05-10;188.37
2000-05-06;188.37
2000-05-05;188.37
2000-05-04;188.37
2000-05-03;188.37
2000-04-28;188.37
2000-04-27;188.37
2000-04-26;188.37
2000-04-25;188.37
2000-04-24;188.37
2000-04-21;188.37
2000-04-20;188.37
2000-04-19;188.37
2000-04-18;188.37
2000-04-17;188.37
2000-04-14;188.37
2000-04-13;188.37
2000-04-12;188.37
2000-04-11;188.37
2000-04-10;188.37
2000-04-07;188.68
2000-04-06;189.57
2000-04-05;189.57
2000-04-04;189.57
2000-04-03;189.57
2000-03-31;190.54
2000-03-30;190.54
2000-03-29;190.54
2000-03-28;190.54
2000-03-27;190.54
2000-03-24;190.54
2000-03-23;190.54
2000-03-22;190.54
2000-03-21;190.54
2000-03-20;190.54
2000-03-17;190.54
2000-03-16;190.54
2000-03-15;190.54
2000-03-14;190.54
2000-03-13;190.54
2000-03-10;190.54
2000-03-09;190.54
2000-03-07;190.54
2000-03-06;190.54
2000-03-03;190.54
2000-03-02;190.54
2000-03-01;190.54
2000-02-29;190.54
2000-02-28;190.54
2000-02-25;190.54
2000-02-24;191.12
2000-02-23;191.12
2000-02-22;191.12
2000-02-21;191.12
2000-02-18;191.12
2000-02-17;191.12
2000-02-16;191.12
2000-02-15;191.12
2000-02-14;191.12
2000-02-11;191.12
2000-02-10;191.12
2000-02-09;191.12
2000-02-08;191.12
2000-02-07;191.12
2000-02-04;191.12
2000-02-03;189.67
2000-02-02;186.67
2000-02-01;186.67
2000-01-31;186.67
2000-01-28;186.67
2000-01-27;186.67
2000-01-26;186.67
2000-01-25;186.67
2000-01-24;186.67
2000-01-21;186.67
2000-01-20;186.67
2000-01-19;186.67
2000-01-18;186.67
2000-01-17;186.67
2000-01-14;186.67
2000-01-13;186.67
2000-01-12;186.67
2000-01-11;186.67
2000-01-10;186.67
2000-01-06;186.26
2000-01-05;173.0
1999-12-30;151.87
1999-12-29;150.88
1999-12-28;150.88
1999-12-27;150.88
1999-12-24;148.51
1999-12-23;145.17
1999-12-22;145.17
1999-12-21;141.48
1999-12-20;133.42
1999-12-17;126.21
1999-12-16;126.21
1999-12-15;124.37
1999-12-14;116.8
1999-12-10;116.24
1999-12-09;116.24
1999-12-08;116.24
1999-12-07;116.24
1999-12-06;116.24
1999-12-03;116.24
1999-12-02;116.24
1999-12-01;116.24
1999-11-30;116.24
1999-11-29;116.24
1999-11-26;116.24
1999-11-25;116.24
1999-11-24;116.24
1999-11-23;116.24
1999-11-22;116.24
1999-11-19;116.24
1999-11-18;116.24
1999-11-17;116.24
1999-11-16;116.24
1999-11-15;116.24
1999-11-12;116.24
1999-11-11;116.24
1999-11-10;116.24
1999-11-09;116.24
1999-11-05;116.24
1999-11-04;112.08
1999-11-03;112.05
1999-11-02;112.05
1999-11-01;102.64
1999-10-29;102.64
1999-10-28;102.64
1999-10-27;102.64
1999-10-26;102.64
1999-10-25;101.31
1999-10-22;101.07
1999-10-21;100.62
1999-10-20;100.62
1999-10-19;99.25
1999-10-18;96.88
1999-10-15;96.88
1999-10-14;96.88
1999-10-13;96.88
1999-10-12;96.88
1999-10-11;96.88
1999-10-08;95.34
1999-10-07;91.96
1999-10-06;91.82
1999-10-05;91.82
1999-10-04;90.79
1999-10-01;88.74
1999-09-30;87.13
1999-09-29;87.13
1999-09-28;87.13
1999-09-27;87.13
1999-09-24;87.13
1999-09-23;87.13
1999-09-22;83.33
1999-09-21;83.33
1999-09-20;83.33
1999-09-17;83.33
1999-09-16;83.33
1999-09-15;83.33
1999-09-14;83.33
1999-09-13;83.33
1999-09-10;83.33
1999-09-09;83.33
1999-09-08;83.33
1999-09-07;83.33
1999-09-06;83.33
1999-09-03;83.33
1999-09-02;83.33
1999-09-01;83.33
1999-08-31;83.33
1999-08-30;83.33
1999-08-27;83.33
1999-08-26;83.33
1999-08-25;83.33
1999-08-24;83.33
1999-08-23;83.33
1999-08-20;83.33
1999-08-19;83.33
1999-08-18;83.33
1999-08-17;83.33
1999-08-16;83.33
1999-08-13;83.33
1999-08-12;83.33
1999-08-11;83.33
1999-08-10;83.33
1999-08-09;83.33
1999-08-06;83.33
1999-08-05;83.33
1999-08-04;83.33
1999-08-03;83.33
1999-08-02;83.33
1999-07-30;83.33
1999-07-29;83.33
1999-07-28;83.33
1999-07-27;83.33
1999-07-26;83.33
1999-07-23;83.33
1999-07-22;83.33
1999-07-21;83.33
1999-07-20;83.33
1999-07-19;83.33
1999-07-16;83.33
1999-07-15;83.33
1999-07-14;83.33
1999-07-13;83.33
1999-07-12;83.33
1999-07-09;83.33
1999-07-08;83.33
1999-07-07;83.33
1999-07-06;83.33
1999-07-05;83.33
1999-07-02;83.33
1999-07-01;83.33
1999-06-30;83.53
1999-06-29;87.87
1999-06-28;93.57
1999-06-25;98.0
1999-06-24;98.87
1999-06-23;98.87
1999-06-22;98.87
1999-06-21;98.87
1999-06-18;98.87
1999-06-17;98.87
1999-06-16;98.87
1999-06-15;98.87
1999-06-11;98.87
1999-06-10;98.87
1999-06-09;98.87
1999-06-08;98.87
1999-06-07;98.87
1999-06-04;98.87
1999-06-03;98.87
1999-06-02;98.87
1999-06-01;98.87
1999-05-31;98.87
1999-05-28;98.87
1999-05-27;98.87
1999-05-26;98.87
1999-05-25;98.87
1999-05-24;98.87
1999-05-21;98.87
1999-05-20;98.87
1999-05-19;98.87
1999-05-18;98.87
1999-05-17;98.87
1999-05-14;96.93
1999-05-13;92.92
1999-05-12;90.98
1999-05-11;90.98
1999-05-07;90.98
1999-05-06;90.98
1999-05-05;90.98
1999-04-30;90.98
1999-04-29;90.98
1999-04-28;89.38
1999-04-27;89.38
1999-04-26;89.38
1999-04-23;89.38
1999-04-22;89.38
1999-04-21;86.92
1999-04-20;86.92
1999-04-19;86.92
1999-04-16;86.92
1999-04-15;86.74
1999-04-14;82.06
1999-04-13;79.26
1999-04-12;77.34
1999-04-09;76.29
1999-04-08;76.29
1999-04-07;76.29
1999-04-06;76.29
1999-04-05;76.29
1999-04-02;76.29
1999-04-01;76.29
1999-03-31;76.29
1999-03-30;76.29
1999-03-29;76.29
1999-03-26;76.29
1999-03-25;76.29
1999-03-24;76.29
1999-03-23;76.29
1999-03-22;76.29
1999-03-19;76.29
1999-03-18;76.29
1999-03-17;76.29
1999-03-16;76.29
1999-03-15;76.29
1999-03-12;76.29
1999-03-11;76.29
1999-03-10;70.08
1999-03-09;67.93
1999-03-05;66.74
1999-03-04;65.32
1999-03-03;65.32
1999-03-02;65.32
1999-03-01;65.32
1999-02-26;62.44
1999-02-25;62.44
1999-02-24;62.44
1999-02-23;62.44
1999-02-22;62.44
1999-02-19;61.13
1999-02-18;58.35
1999-02-17;57.68
1999-02-16;55.11
1999-02-15;52.91
1999-02-12;52.91
1999-02-11;52.91
1999-02-10;50.59
1999-02-09;47.03
1999-02-08;45.64
1999-02-05;45.05
1999-02-04;45.05
1999-02-03;45.04
1999-02-02;44.73
1999-02-01;44.73
1999-01-29;44.51
1999-01-28;43.94
1999-01-27;43.94
1999-01-26;43.94
1999-01-25;43.94
1999-01-22;43.94
1999-01-21;43.94
1999-01-20;43.94
1999-01-19;43.94
1999-01-18;43.61
1999-01-15;42.33
1999-01-14;42.33
1999-01-13;42.33
1999-01-12;42.33
1999-01-11;42.33
1999-01-10;42.33
1999-01-06;42.33
1999-01-05;42.33
1998-12-31;42.33
1998-12-30;42.33
1998-12-29;42.33
1998-12-28;42.33
1998-12-25;42.33
1998-12-24;42.33
1998-12-23;42.33
1998-12-22;42.33
1998-12-21;42.33
1998-12-18;42.33
1998-12-17;42.33
1998-12-16;42.33
1998-12-15;42.33
1998-12-11;42.33
1998-12-10;42.33
1998-12-09;42.33
1998-12-08;42.33
1998-12-07;42.33
1998-12-04;42.33
1998-12-03;42.33
1998-12-02;42.33
1998-12-01;42.33
1998-11-30;42.33
1998-11-27;42.33
1998-11-26;42.33
1998-11-25;42.33
1998-11-24;42.33
1998-11-23;42.33
1998-11-20;42.11
1998-11-19;41.24
1998-11-18;41.24
1998-11-17;41.24
1998-11-16;40.05
1998-11-13;38.4
1998-11-12;37.31
1998-11-11;35.32
1998-11-10;34.74
1998-11-06;34.6
1998-11-05;34.6
1998-11-04;34.6
1998-11-03;34.6
1998-11-02;34.19
1998-10-30;32.94
1998-10-29;31.72
1998-10-28;30.79
1998-10-27;30.79
1998-10-26;30.79
1998-10-23;30.79
1998-10-22;30.79
1998-10-21;30.79
1998-10-20;30.72
1998-10-19;23.46
1998-10-16;23.46
1998-10-15;23.46
1998-10-14;23.46
1998-10-13;23.46
1998-10-12;21.88
1998-10-09;20.3
1998-10-08;20.19
1998-10-07;20.19
1998-10-06;19.71
1998-10-05;18.53
1998-10-02;18.53
1998-10-01;18.53
1998-09-30;18.53
1998-09-29;18.53
1998-09-28;18.53
1998-09-25;18.53
1998-09-24;18.53
1998-09-23;18.53
1998-09-22;18.53
1998-09-21;18.53
1998-09-18;18.53
1998-09-17;18.53
1998-09-16;18.53
1998-09-15;18.53
1998-09-14;18.53
1998-09-11;18.53
1998-09-10;18.53
1998-09-09;18.53
1998-09-08;18.53
1998-09-07;18.53
1998-09-04;18.53
1998-09-03;18.53
1998-09-02;18.53
1998-09-01;18.53
1998-08-31;18.53
1998-08-28;18.53
1998-08-27;18.53
1998-08-26;18.53
1998-08-25;18.53
1998-08-24;18.53
1998-08-21;18.53
1998-08-20;18.53
1998-08-19;18.53
1998-08-18;18.53
1998-08-17;18.53
1998-08-14;18.53
1998-08-13;18.53
1998-08-12;18.53
1998-08-11;18.53
1998-08-10;18.53
1998-08-07;18.53
1998-08-06;18.53
1998-08-05;18.53
1998-08-04;18.53
1998-08-03;18.53
1998-07-31;18.53
1998-07-30;18.53
1998-07-29;18.53
1998-07-28;18.53
1998-07-27;18.53
1998-07-24;18.53
1998-07-23;18.53
1998-07-22;18.53
1998-07-21;18.53
1998-07-20;18.53
1998-07-17;18.53
1998-07-16;18.53
1998-07-15;18.53
1998-07-14;18.53
1998-07-13;19.36
1998-07-10;19.36
1998-07-09;19.36
1998-07-08;19.36
1998-07-07;19.36
1998-07-06;19.36
1998-07-03;19.36
1998-07-02;19.36
1998-07-01;19.36
1998-06-30;19.36
1998-06-29;19.36
1998-06-26;19.36
1998-06-25;19.36
1998-06-24;19.36
1998-06-23;19.36
1998-06-22;19.36
1998-06-19;19.36
1998-06-18;19.36
1998-06-17;19.36
1998-06-16;19.36
1998-06-15;19.36
1998-06-11;19.36
1998-06-10;19.36
1998-06-09;19.36
1998-06-08;19.36
1998-06-05;19.36
1998-06-04;19.36
1998-06-03;19.36
1998-06-02;19.36
1998-06-01;19.36
1998-05-29;19.36
1998-05-28;20.13
1998-05-27;20.89
1998-05-26;20.89
1998-05-25;20.89
1998-05-22;20.89
1998-05-21;20.89
1998-05-20;23.7
1998-05-19;23.7
1998-05-18;28.66
1998-05-15;30.33
1998-05-14;31.79
1998-05-13;31.79
1998-05-12;31.79
1998-05-08;31.79
1998-05-07;31.79
1998-05-06;31.79
1998-05-05;31.79
1998-04-30;31.79
1998-04-29;31.79
1998-04-28;31.79
1998-04-27;31.79
1998-04-24;31.79
1998-04-23;31.79
1998-04-22;31.79
1998-04-21;31.79
1998-04-20;31.79
1998-04-17;31.79
1998-04-16;31.79
1998-04-15;31.79
1998-04-14;31.79
1998-04-13;31.79
1998-04-10;31.79
1998-04-09;32.02
1998-04-08;33.88
1998-04-07;33.88
1998-04-06;33.88
1998-04-03;35.82
1998-04-02;35.89
1998-04-01;36.77
1998-03-31;38.54
1998-03-30;38.54
1998-03-27;38.54
1998-03-26;38.54
1998-03-25;38.54
1998-03-24;38.54
1998-03-23;38.54
1998-03-20;38.54
1998-03-19;38.54
1998-03-18;38.54
1998-03-17;40.56
1998-03-16;40.95
1998-03-13;40.95
1998-03-12;40.95
1998-03-11;40.95
1998-03-10;40.95
1998-03-06;40.95
1998-03-05;40.95
1998-03-04;40.95
1998-03-03;43.8
1998-03-02;43.8
1998-02-27;43.8
1998-02-26;48.4
1998-02-25;51.24
1998-02-24;53.35
1998-02-23;54.61
1998-02-20;54.61
1998-02-19;57.03
1998-02-18;57.35
1998-02-17;62.01
1998-02-16;65.11
1998-02-13;66.97
1998-02-12;69.6
1998-02-11;69.6
1998-02-10;69.6
1998-02-09;69.6
1998-02-06;69.6
1998-02-05;67.48
1998-02-04;64.1
1998-02-03;64.1
1998-02-02;64.1
1998-01-30;62.21
1998-01-29;57.95
1998-01-28;57.95
1998-01-27;57.95
1998-01-26;57.95
1998-01-23;57.95
1998-01-22;57.95
1998-01-21;57.95
1998-01-20;57.95
1998-01-19;57.95
1998-01-16;57.95
1998-01-15;57.95
1998-01-14;57.95
1998-01-13;57.95
1998-01-12;57.95
1998-01-09;57.95
1998-01-08;57.95
1998-01-06;57.95
1997-12-30;57.95
1997-12-29;57.95
1997-12-26;57.95
1997-12-25;57.95
1997-12-24;57.95
1997-12-23;57.95
1997-12-22;57.95
1997-12-19;57.95
1997-12-18;57.95
1997-12-17;57.95
1997-12-16;57.95
1997-12-15;57.95
1997-12-11;57.95
1997-12-10;57.95
1997-12-09;57.95
1997-12-08;57.95
1997-12-05;57.95
1997-12-04;57.95
1997-12-03;57.95
1997-12-02;57.95
1997-12-01;57.95
1997-11-28;57.95
1997-11-27;57.95
1997-11-26;57.95
1997-11-25;57.95
1997-11-24;57.95
1997-11-21;57.95
1997-11-20;57.95
1997-11-19;57.95
1997-11-18;57.95
1997-11-17;57.95
1997-11-14;57.95
1997-11-13;57.95
1997-11-12;57.95
1997-11-11;57.95
1997-11-10;57.95
1997-11-06;57.95
1997-11-05;57.95
1997-11-04;57.95
1997-11-03;57.95
1997-10-31;57.95
1997-10-30;57.95
1997-10-29;57.95
1997-10-28;60.34
1997-10-27;60.34
1997-10-24;60.34
1997-10-23;65.98
1997-10-22;66.66
1997-10-21;66.66
1997-10-20;66.66
1997-10-17;66.66
1997-10-16;66.66
1997-10-15;66.66
1997-10-14;66.66
1997-10-13;66.66
1997-10-10;66.66
1997-10-09;66.66
1997-10-08;66.66
1997-10-07;66.66
1997-10-06;66.66
1997-10-03;66.66
1997-10-02;66.66
1997-10-01;66.66
1997-09-30;66.66
1997-09-29;66.66
1997-09-26;66.66
1997-09-25;66.66
1997-09-24;66.66
1997-09-23;66.66
1997-09-22;66.66
